player,team,position,completionsAttempts,passingYards,passingTouchdowns,interceptionsThrown,rushingAttempts,rushingYards,rushingTouchdowns,receptions,targets,receivingYards,receivingTouchdowns,fantasy,positionRank,overallRank,extraPointsAttempted,extraPointsMade,fieldGoalsAttempted,fieldGoalsMade,fieldGoalsMade0To19,fieldGoalsMade20To29,fieldGoalsMade30To39,fieldGoalsMade40To49,fieldGoalsMade50Plus
Josh Allen,Buffalo Bills,QB,347.49/542.47,4077.19,28.37,12.42,124.41,655.9,11.18,0,0,0,0,392.12,1,1,0,0,0,0,0,0,0,0,0
Lamar Jackson,Baltimore Ravens,QB,336.85/510.73,4026.65,34.2,9.36,121.21,722.06,4.14,0,0,0,0,380.95,2,2,0,0,0,0,0,0,0,0,0
Jalen Hurts,Philadelphia Eagles,QB,337.83/499.75,3802.61,24.1,10.2,123.86,582.25,11.14,0,0,0,0,358.25,3,3,0,0,0,0,0,0,0,0,0
Joe Burrow,Cincinnati Bengals,QB,445.54/651.89,4911.12,36.66,11.68,40.18,174.67,1.86,0,0,0,0,356.81,4,4,0,0,0,0,0,0,0,0,0
Patrick Mahomes,Kansas City Chiefs,QB,412.88/614.59,4340.89,29.9,12.41,96.21,481.04,3.83,0,0,0,0,349.37,5,5,0,0,0,0,0,0,0,0,0
Jayden Daniels,Washington Commanders,QB,372.33/549.6,4011.67,28.21,11.53,111.04,548.73,5,0,0,0,0,344.43,6,6,0,0,0,0,0,0,0,0,0
J.J. McCarthy,Minnesota Vikings,QB,384.46/596.31,4228.74,33.6,12.82,59.49,280.38,3.03,0,0,0,0,332.41,7,7,0,0,0,0,0,0,0,0,0
Baker Mayfield,Tampa Bay Buccaneers,QB,399.96/580.21,4179.35,34.51,14.4,68.75,305.85,2.69,0,0,0,0,330.22,8,8,0,0,0,0,0,0,0,0,0
Kyler Murray,Arizona Cardinals,QB,373.99/552.57,3949.46,25.52,11.62,96.42,526.67,6.08,0,0,0,0,329.71,9,9,0,0,0,0,0,0,0,0,0
Bo Nix,Denver Broncos,QB,375.85/575.02,3915.15,29.42,12.31,90.93,431.63,4.12,0,0,0,0,326.66,10,11,0,0,0,0,0,0,0,0,0
Justin Herbert,Los Angeles Chargers,QB,373.05/566.97,4117.69,29.03,8.58,71.16,321.8,3.6,0,0,0,0,322.29,11,13,0,0,0,0,0,0,0,0,0
Brock Purdy,San Francisco 49ers,QB,361.48/551.9,4347.83,29.65,12.76,55.66,255.45,2.38,0,0,0,0,315.98,12,15,0,0,0,0,0,0,0,0,0
Jared Goff,Detroit Lions,QB,394.88/587.16,4497.74,34.28,11.06,19.53,74.7,0.84,0,0,0,0,315.56,13,16,0,0,0,0,0,0,0,0,0
C.J. Stroud,Houston Texans,QB,374.87/581.02,4108.09,26.26,11.28,80.86,378.01,3.55,0,0,0,0,310.48,14,18,0,0,0,0,0,0,0,0,0
Jordan Love,Green Bay Packers,QB,343.86/549.02,4022.2,31.38,12.18,50.8,235.3,2.44,0,0,0,0,307.26,15,19,0,0,0,0,0,0,0,0,0
Justin Fields,New York Jets,QB,316.33/497.85,3257.42,21.44,12.1,122.37,645.89,5.17,0,0,0,0,292.19,16,21,0,0,0,0,0,0,0,0,0
Caleb Williams,Chicago Bears,QB,357.3/563.13,3751.5,21.93,10.75,100.76,484.89,3.62,0,0,0,0,289.64,17,22,0,0,0,0,0,0,0,0,0
Cameron Ward,Tennessee Titans,QB,350.59/533.78,3860.13,22.04,11.48,91.22,431.66,3.35,0,0,0,0,287.53,18,23,0,0,0,0,0,0,0,0,0
Michael Penix Jr.,Atlanta Falcons,QB,341.81/535.28,3875.54,25.03,11.68,63.86,296.46,2.85,0,0,0,0,285.37,19,24,0,0,0,0,0,0,0,0,0
Matthew Stafford,Los Angeles Rams,QB,383.03/582.49,4197.18,26.05,12.78,45.24,178,1.79,0,0,0,0,284.45,20,25,0,0,0,0,0,0,0,0,0
Sam Darnold,Seattle Seahawks,QB,365.82/568.42,3940,26.17,16.13,60.84,265.1,2.7,0,0,0,0,282.2,21,26,0,0,0,0,0,0,0,0,0
Dak Prescott,Dallas Cowboys,QB,388.16/601.39,4213.08,24,12.21,44.32,206.11,1.86,0,0,0,0,280.48,22,27,0,0,0,0,0,0,0,0,0
Trevor Lawrence,Jacksonville Jaguars,QB,350.81/555.27,4013.04,22.2,12.43,53.95,255.47,2.48,0,0,0,0,271.38,23,28,0,0,0,0,0,0,0,0,0
Tua Tagovailoa,Miami Dolphins,QB,401.03/583.3,4124.88,26.32,12.59,18.69,81.5,0.7,0,0,0,0,264.62,24,31,0,0,0,0,0,0,0,0,0
Russell Wilson,New York Giants,QB,343.58/545.6,3832.29,18.85,10.22,76.07,380.58,1.93,0,0,0,0,262.17,25,32,0,0,0,0,0,0,0,0,0
Drake Maye,New England Patriots,QB,353.38/533.47,3688.41,20.72,12.05,69.58,338.84,2.44,0,0,0,0,260.15,26,33,0,0,0,0,0,0,0,0,0
Spencer Rattler,New Orleans Saints,QB,330.25/539.0,3603.39,23.8,11.59,48.02,228.28,2.12,0,0,0,0,258.49,27,34,0,0,0,0,0,0,0,0,0
Daniel Jones,Indianapolis Colts,QB,336.97/524.51,3340.37,19.64,11.16,73.55,372.94,3.36,0,0,0,0,255.59,28,36,0,0,0,0,0,0,0,0,0
Geno Smith,Las Vegas Raiders,QB,377.71/552.39,3985.9,20.18,14.02,45.84,217.85,1.66,0,0,0,0,253.9,29,38,0,0,0,0,0,0,0,0,0
Bryce Young,Carolina Panthers,QB,341.16/541.12,3614.23,18.26,11.53,64.33,310.62,2.83,0,0,0,0,248.02,30,40,0,0,0,0,0,0,0,0,0
Joe Flacco,Cleveland Browns,QB,386.37/591.32,4398.72,19.91,13.19,17.82,64.5,0.56,0,0,0,0,246.83,31,41,0,0,0,0,0,0,0,0,0
Aaron Rodgers,Pittsburgh Steelers,QB,341.97/535.85,3668.85,24.33,7.27,0,0,0,0,0,0,0,236.06,32,48,0,0,0,0,0,0,0,0,0
Mason Rudolph,Pittsburgh Steelers,QB,7.29/11.05,78.34,0.48,0.29,65.01,293.46,2.41,0,0,0,0,40.51,33,269,0,0,0,0,0,0,0,0,0
Anthony Richardson,Indianapolis Colts,QB,5.89/10.87,74.99,0.53,0.29,4.9,23.87,0.31,0,0,0,0,8.68,34,345,0,0,0,0,0,0,0,0,0
Kirk Cousins,Atlanta Falcons,QB,7.24/10.88,82,0.51,0.17,0,0,0,0,0,0,0,5.15,35,363,0,0,0,0,0,0,0,0,0
Jacoby Brissett,Arizona Cardinals,QB,7.06/11.04,75.64,0.43,0.17,0,0,0,0,0,0,0,4.58,36,364,0,0,0,0,0,0,0,0,0
Mitchell Trubisky,Buffalo Bills,QB,7.2/11.01,75.01,0.42,0.34,0,0,0,0,0,0,0,4.34,37,365,0,0,0,0,0,0,0,0,0
Cooper Rush,Baltimore Ravens,QB,6.5/10.44,67.32,0.44,0.17,0,0,0,0,0,0,0,4.28,38,366,0,0,0,0,0,0,0,0,0
Tyrod Taylor,New York Jets,QB,6.71/10.31,71.02,0.4,0.17,0,0,0,0,0,0,0,4.27,39,367,0,0,0,0,0,0,0,0,0
Kenny Pickett,Las Vegas Raiders,QB,7.26/11.41,76.35,0.32,0.26,0,0,0,0,0,0,0,4.07,40,368,0,0,0,0,0,0,0,0,0
Teddy Bridgewater,Tampa Bay Buccaneers,QB,5.78/9.03,63.93,0.39,0.26,0,0,0,0,0,0,0,3.86,41,369,0,0,0,0,0,0,0,0,0
Josh Johnson,Washington Commanders,QB,0.0/0.0,0,0,0,0,0,0,0,0,0,0,0,42,374,0,0,0,0,0,0,0,0,0
Andy Dalton,Carolina Panthers,QB,0.0/0.0,0,0,0,0,0,0,0,0,0,0,0,42,374,0,0,0,0,0,0,0,0,0
Case Keenum,Chicago Bears,QB,0.0/0.0,0,0,0,0,0,0,0,0,0,0,0,42,374,0,0,0,0,0,0,0,0,0
Jimmy Garoppolo,Los Angeles Rams,QB,0.0/0.0,0,0,0,0,0,0,0,0,0,0,0,42,374,0,0,0,0,0,0,0,0,0
Jameis Winston,New York Giants,QB,0.0/0.0,0,0,0,0,0,0,0,0,0,0,0,42,374,0,0,0,0,0,0,0,0,0
Marcus Mariota,Washington Commanders,QB,0.0/0.0,0,0,0,0,0,0,0,0,0,0,0,42,374,0,0,0,0,0,0,0,0,0
Taylor Heinicke,Los Angeles Chargers,QB,0.0/0.0,0,0,0,0,0,0,0,0,0,0,0,42,374,0,0,0,0,0,0,0,0,0
Joshua Dobbs,New England Patriots,QB,0.0/0.0,0,0,0,0,0,0,0,0,0,0,0,42,374,0,0,0,0,0,0,0,0,0
Nick Mullens,Jacksonville Jaguars,QB,0.0/0.0,0,0,0,0,0,0,0,0,0,0,0,42,374,0,0,0,0,0,0,0,0,0
Kyle Allen,Detroit Lions,QB,0.0/0.0,0,0,0,0,0,0,0,0,0,0,0,42,374,0,0,0,0,0,0,0,0,0
Drew Lock,Seattle Seahawks,QB,0.0/0.0,0,0,0,0,0,0,0,0,0,0,0,42,374,0,0,0,0,0,0,0,0,0
Gardner Minshew,Kansas City Chiefs,QB,0.0/0.0,0,0,0,0,0,0,0,0,0,0,0,42,374,0,0,0,0,0,0,0,0,0
Jarrett Stidham,Denver Broncos,QB,0.0/0.0,0,0,0,0,0,0,0,0,0,0,0,42,374,0,0,0,0,0,0,0,0,0
Brandon Allen,Tennessee Titans,QB,0.0/0.0,0,0,0,0,0,0,0,0,0,0,0,42,374,0,0,0,0,0,0,0,0,0
Mac Jones,San Francisco 49ers,QB,0.0/0.0,0,0,0,0,0,0,0,0,0,0,0,42,374,0,0,0,0,0,0,0,0,0
Zach Wilson,Miami Dolphins,QB,0.0/0.0,0,0,0,0,0,0,0,0,0,0,0,42,374,0,0,0,0,0,0,0,0,0
Trey Lance,Los Angeles Chargers,QB,0.0/0.0,0,0,0,0,0,0,0,0,0,0,0,42,374,0,0,0,0,0,0,0,0,0
Davis Mills,Houston Texans,QB,0.0/0.0,0,0,0,0,0,0,0,0,0,0,0,42,374,0,0,0,0,0,0,0,0,0
Sam Ehlinger,Denver Broncos,QB,0.0/0.0,0,0,0,0,0,0,0,0,0,0,0,42,374,0,0,0,0,0,0,0,0,0
Malik Willis,Green Bay Packers,QB,0.0/0.0,0,0,0,0,0,0,0,0,0,0,0,42,374,0,0,0,0,0,0,0,0,0
Skylar Thompson,Pittsburgh Steelers,QB,0.0/0.0,0,0,0,0,0,0,0,0,0,0,0,42,374,0,0,0,0,0,0,0,0,0
Sam Howell,Philadelphia Eagles,QB,0.0/0.0,0,0,0,0,0,0,0,0,0,0,0,42,374,0,0,0,0,0,0,0,0,0
Jake Browning,Cincinnati Bengals,QB,0.0/0.0,0,0,0,0,0,0,0,0,0,0,0,42,374,0,0,0,0,0,0,0,0,0
Aidan O'Connell,Las Vegas Raiders,QB,0.0/0.0,0,0,0,0,0,0,0,0,0,0,0,42,374,0,0,0,0,0,0,0,0,0
Tyson Bagent,Chicago Bears,QB,0.0/0.0,0,0,0,0,0,0,0,0,0,0,0,42,374,0,0,0,0,0,0,0,0,0
Tanner McKee,Philadelphia Eagles,QB,0.0/0.0,0,0,0,0,0,0,0,0,0,0,0,42,374,0,0,0,0,0,0,0,0,0
Joe Milton III,Dallas Cowboys,QB,0.0/0.0,0,0,0,0,0,0,0,0,0,0,0,42,374,0,0,0,0,0,0,0,0,0
Jaxson Dart,New York Giants,QB,0.0/0.0,0,0,0,0,0,0,0,0,0,0,0,42,374,0,0,0,0,0,0,0,0,0
Tyler Shough,New Orleans Saints,QB,0.0/0.0,0,0,0,0,0,0,0,0,0,0,0,42,374,0,0,0,0,0,0,0,0,0
Shedeur Sanders,Cleveland Browns,QB,0.0/0.0,0,0,0,0,0,0,0,0,0,0,0,42,374,0,0,0,0,0,0,0,0,0
Saquon Barkley,Philadelphia Eagles,RB,0.0/0.0,0,0,0,360.27,1755.24,12.04,53.53,74.95,382.26,2.55,325.59,1,12,0,0,0,0,0,0,0,0,0
Christian McCaffrey,San Francisco 49ers,RB,0.0/0.0,0,0,0,251.74,1186.08,8.16,86.39,115.89,777.71,5.32,319.15,2,14,0,0,0,0,0,0,0,0,0
Bijan Robinson,Atlanta Falcons,RB,0.0/0.0,0,0,0,334.66,1542.11,11.42,59.75,81.94,455.96,2.97,315,3,17,0,0,0,0,0,0,0,0,0
Jahmyr Gibbs,Detroit Lions,RB,0.0/0.0,0,0,0,261.3,1280.65,12.61,60.04,82.18,496.53,3.44,303.44,4,20,0,0,0,0,0,0,0,0,0
De'Von Achane,Miami Dolphins,RB,0.0/0.0,0,0,0,264.95,1279.71,8.76,62.08,78.73,406.76,2.76,268.13,5,30,0,0,0,0,0,0,0,0,0
Jonathan Taylor,Indianapolis Colts,RB,0.0/0.0,0,0,0,291.75,1382.11,12.86,31.45,42.85,188.3,1.28,253.27,6,39,0,0,0,0,0,0,0,0,0
Chase Brown,Cincinnati Bengals,RB,0.0/0.0,0,0,0,249.12,1087.27,8.1,55.75,71.73,403.18,2.72,239.94,7,45,0,0,0,0,0,0,0,0,0
Derrick Henry,Baltimore Ravens,RB,0.0/0.0,0,0,0,303.03,1455.44,13.74,7.9,10.42,70.96,0.48,239.11,8,46,0,0,0,0,0,0,0,0,0
Kyren Williams,Los Angeles Rams,RB,0.0/0.0,0,0,0,271.42,1207.12,10.97,35.71,46.61,231.27,1.42,231.47,9,50,0,0,0,0,0,0,0,0,0
James Conner,Arizona Cardinals,RB,0.0/0.0,0,0,0,241,1087.44,9.63,44.75,56.37,331.64,2.06,230.16,10,51,0,0,0,0,0,0,0,0,0
Josh Jacobs,Green Bay Packers,RB,0.0/0.0,0,0,0,279.44,1165.39,10.48,31.89,43.93,265.77,1.6,227.48,11,54,0,0,0,0,0,0,0,0,0
Breece Hall,New York Jets,RB,0.0/0.0,0,0,0,247.22,1112.86,7.59,44.19,60.98,319.94,2.07,216.23,12,59,0,0,0,0,0,0,0,0,0
Bucky Irving,Tampa Bay Buccaneers,RB,0.0/0.0,0,0,0,230.05,1080.17,8.1,39.93,49.94,294.79,1.91,215.28,13,61,0,0,0,0,0,0,0,0,0
Alvin Kamara,New Orleans Saints,RB,0.0/0.0,0,0,0,244.86,999.67,6.04,49.29,70.06,351.35,2.49,210.41,14,62,0,0,0,0,0,0,0,0,0
Tony Pollard,Tennessee Titans,RB,0.0/0.0,0,0,0,273.22,1213.87,6.85,37.41,49.31,228.11,1.37,210.16,15,63,0,0,0,0,0,0,0,0,0
Ashton Jeanty,Las Vegas Raiders,RB,0.0/0.0,0,0,0,245.25,1168.24,7.49,32.83,42.28,242.22,1.21,207.22,16,66,0,0,0,0,0,0,0,0,0
Kenneth Walker III,Seattle Seahawks,RB,0.0/0.0,0,0,0,222.21,953.67,7.9,41.2,56.84,325.07,1.86,205.67,17,67,0,0,0,0,0,0,0,0,0
James Cook,Buffalo Bills,RB,0.0/0.0,0,0,0,243.77,1149.87,8.03,24.39,33.2,210.91,1.39,203.77,18,68,0,0,0,0,0,0,0,0,0
Chuba Hubbard,Carolina Panthers,RB,0.0/0.0,0,0,0,275.74,1171.41,8.01,31.63,43.29,192.13,0.95,201.59,19,70,0,0,0,0,0,0,0,0,0
Isiah Pacheco,Kansas City Chiefs,RB,0.0/0.0,0,0,0,222.17,972.64,7.2,38.11,49.16,255.63,1.46,191.58,20,73,0,0,0,0,0,0,0,0,0
Aaron Jones,Minnesota Vikings,RB,0.0/0.0,0,0,0,224.21,1001.67,5.48,41.33,59.67,261.7,2.3,188.24,21,79,0,0,0,0,0,0,0,0,0
Jerome Ford,Cleveland Browns,RB,0.0/0.0,0,0,0,218.41,932.28,4.37,43.05,59.13,326.21,1.72,183.91,22,82,0,0,0,0,0,0,0,0,0
Jaylen Warren,Pittsburgh Steelers,RB,0.0/0.0,0,0,0,180,800.75,4.57,52.66,71.1,353.14,2.13,177.3,23,85,0,0,0,0,0,0,0,0,0
David Montgomery,Detroit Lions,RB,0.0/0.0,0,0,0,190.48,835.66,8.01,26.02,35.23,222.75,1.31,172.95,24,89,0,0,0,0,0,0,0,0,0
Omarion Hampton,Los Angeles Chargers,RB,0.0/0.0,0,0,0,183.62,810.58,6.66,31.7,42.53,244.26,1.68,169.35,25,94,0,0,0,0,0,0,0,0,0
TreVeyon Henderson,New England Patriots,RB,0.0/0.0,0,0,0,227.89,962.21,5.75,25.84,34.67,202.68,0.96,167.03,26,95,0,0,0,0,0,0,0,0,0
D'Andre Swift,Chicago Bears,RB,0.0/0.0,0,0,0,217.53,938.94,6.13,24.34,33.78,176.24,0.96,164.57,27,98,0,0,0,0,0,0,0,0,0
RJ Harvey,Denver Broncos,RB,0.0/0.0,0,0,0,186.64,826.61,6.58,25.88,34.5,192.61,1.36,160.62,28,101,0,0,0,0,0,0,0,0,0
Zach Charbonnet,Seattle Seahawks,RB,0.0/0.0,0,0,0,168.43,715.8,5.22,36.94,51.14,287.67,1.63,159.92,29,103,0,0,0,0,0,0,0,0,0
Travis Etienne,Jacksonville Jaguars,RB,0.0/0.0,0,0,0,170.8,729.1,4.64,40.17,55.53,297.27,1.46,158.3,30,104,0,0,0,0,0,0,0,0,0
Austin Ekeler,Washington Commanders,RB,0.0/0.0,0,0,0,121.16,519.34,5.51,42.27,54.96,356.12,2.55,152.36,31,113,0,0,0,0,0,0,0,0,0
Joe Mixon,Houston Texans,RB,0.0/0.0,0,0,0,177.48,718.35,5.38,32.51,43.57,215.55,1.38,150.55,32,115,0,0,0,0,0,0,0,0,0
Kaleb Johnson,Pittsburgh Steelers,RB,0.0/0.0,0,0,0,180,796.29,5.86,24.18,32.82,178.12,1.07,149.19,33,116,0,0,0,0,0,0,0,0,0
Jacory Croskey-Merritt,Washington Commanders,RB,0.0/0.0,0,0,0,181.72,766.97,5.77,25.84,32.96,187.15,1.25,148.25,34,117,0,0,0,0,0,0,0,0,0
J.K. Dobbins,Denver Broncos,RB,0.0/0.0,0,0,0,143.58,689.41,5.93,28.03,37.36,181.49,1.44,145.53,35,120,0,0,0,0,0,0,0,0,0
Javonte Williams,Dallas Cowboys,RB,0.0/0.0,0,0,0,197.27,811.11,3.61,34.96,48.11,199.16,1.23,145.19,36,121,0,0,0,0,0,0,0,0,0
Tyrone Tracy Jr.,New York Giants,RB,0.0/0.0,0,0,0,178.29,760.38,4.79,29.8,43.64,206.8,0.96,140.44,37,125,0,0,0,0,0,0,0,0,0
Dylan Sampson,Cleveland Browns,RB,0.0/0.0,0,0,0,160.47,674.27,3.02,30.03,41.38,241.23,1.19,129.21,38,134,0,0,0,0,0,0,0,0,0
Jordan Mason,Minnesota Vikings,RB,0.0/0.0,0,0,0,141.85,640.75,5.15,18.17,24.88,128.47,0.91,119.77,39,137,0,0,0,0,0,0,0,0,0
Rachaad White,Tampa Bay Buccaneers,RB,0.0/0.0,0,0,0,104.35,420.77,2.66,38.59,47.15,295.47,1.98,116.44,40,138,0,0,0,0,0,0,0,0,0
Blake Corum,Los Angeles Rams,RB,0.0/0.0,0,0,0,126.64,530.78,3.72,27.05,34.96,199.65,1.01,113.85,41,141,0,0,0,0,0,0,0,0,0
Woody Marks,Houston Texans,RB,0.0/0.0,0,0,0,98.85,416.46,3.07,32.59,43.57,234.9,1.48,107.33,42,145,0,0,0,0,0,0,0,0,0
Tank Bigsby,Jacksonville Jaguars,RB,0.0/0.0,0,0,0,148.31,623.34,4.44,13.98,19.44,101.91,0.53,105.84,43,147,0,0,0,0,0,0,0,0,0
Cam Skattebo,New York Giants,RB,0.0/0.0,0,0,0,130.75,574.96,3.31,19.6,27.28,151.84,0.67,104.64,44,148,0,0,0,0,0,0,0,0,0
Trey Benson,Arizona Cardinals,RB,0.0/0.0,0,0,0,120.5,514.76,4.1,19.57,25.38,147.44,0.89,104.14,45,150,0,0,0,0,0,0,0,0,0
Jaylen Wright,Miami Dolphins,RB,0.0/0.0,0,0,0,143.19,600.47,3.64,12.68,16.44,83,0.52,97.85,46,159,0,0,0,0,0,0,0,0,0
Najee Harris,Los Angeles Chargers,RB,0.0/0.0,0,0,0,119.35,479.39,4.11,16.54,22.67,116.27,0.87,97.72,47,160,0,0,0,0,0,0,0,0,0
MarShawn Lloyd,Green Bay Packers,RB,0.0/0.0,0,0,0,116.83,493.17,3.86,16.14,21.96,122.99,0.9,96.73,48,163,0,0,0,0,0,0,0,0,0
Rhamondre Stevenson,New England Patriots,RB,0.0/0.0,0,0,0,110.34,479.63,2.79,25.56,34.67,153.22,0.93,93.93,49,169,0,0,0,0,0,0,0,0,0
Jaleel McLaughlin,Denver Broncos,RB,0.0/0.0,0,0,0,57.44,249.09,1.32,42.16,57.48,247.86,2.45,92.72,50,171,0,0,0,0,0,0,0,0,0
Zamir White,Las Vegas Raiders,RB,0.0/0.0,0,0,0,112.31,464.25,2.24,23.1,31.01,161.16,0.92,90.83,51,174,0,0,0,0,0,0,0,0,0
Kareem Hunt,Kansas City Chiefs,RB,0.0/0.0,0,0,0,83.04,325.02,3.27,24.06,32.18,173.5,1.28,89.18,52,179,0,0,0,0,0,0,0,0,0
Rico Dowdle,Carolina Panthers,RB,0.0/0.0,0,0,0,114.91,496.65,2.79,15.78,21.65,110.61,0.49,86.62,53,182,0,0,0,0,0,0,0,0,0
Tyler Allgeier,Atlanta Falcons,RB,0.0/0.0,0,0,0,107.3,471.28,2.78,14.36,19.11,113.82,0.69,86.51,54,183,0,0,0,0,0,0,0,0,0
Jaydon Blue,Dallas Cowboys,RB,0.0/0.0,0,0,0,110.83,469.46,2.49,17.66,24.07,121.73,0.63,85.21,55,189,0,0,0,0,0,0,0,0,0
Kendre Miller,New Orleans Saints,RB,0.0/0.0,0,0,0,110.43,466.39,3.34,11.57,16.18,86.19,0.53,83.58,56,193,0,0,0,0,0,0,0,0,0
Khalil Herbert,Indianapolis Colts,RB,0.0/0.0,0,0,0,98.06,437.75,3.14,15.85,21.41,96.33,0.63,82.59,57,194,0,0,0,0,0,0,0,0,0
Brian Robinson,San Francisco 49ers,RB,0.0/0.0,0,0,0,111.37,465.53,2.94,8.12,11.06,70.93,0.43,76.57,58,201,0,0,0,0,0,0,0,0,0
Antonio Gibson,New England Patriots,RB,0.0/0.0,0,0,0,67.17,282.49,1.64,23.75,31.99,196.58,0.94,73.7,59,205,0,0,0,0,0,0,0,0,0
Tyjae Spears,Tennessee Titans,RB,0.0/0.0,0,0,0,60.52,255.46,1.61,26.86,34.65,197.98,0.97,73.21,60,209,0,0,0,0,0,0,0,0,0
Raheem Mostert,Las Vegas Raiders,RB,0.0/0.0,0,0,0,54.98,268.41,2.07,21.5,28.18,158.97,0.85,70.33,61,216,0,0,0,0,0,0,0,0,0
Ray Davis,Buffalo Bills,RB,0.0/0.0,0,0,0,96.51,403.17,2.75,8.17,11.06,68.03,0.44,70.01,62,219,0,0,0,0,0,0,0,0,0
Nick Chubb,Houston Texans,RB,0.0/0.0,0,0,0,80.86,395.05,2.91,8.45,11.62,65.56,0.39,69.69,63,221,0,0,0,0,0,0,0,0,0
Braelon Allen,New York Jets,RB,0.0/0.0,0,0,0,89.9,374.88,2.71,11.25,15.23,79.24,0.51,69.68,64,222,0,0,0,0,0,0,0,0,0
Julius Chestnut,Tennessee Titans,RB,0.0/0.0,0,0,0,68.21,286.34,1.32,22.85,30.32,169.69,0.92,69.29,65,223,0,0,0,0,0,0,0,0,0
Quinshon Judkins,Cleveland Browns,RB,0.0/0.0,0,0,0,49.02,206.05,1.23,26.74,35.5,220.95,0.92,67.97,66,226,0,0,0,0,0,0,0,0,0
Roschon Johnson,Chicago Bears,RB,0.0/0.0,0,0,0,87,359.71,2.79,8.29,11.25,55.8,0.33,63.74,67,228,0,0,0,0,0,0,0,0,0
Keaton Mitchell,Baltimore Ravens,RB,0.0/0.0,0,0,0,68.86,302.27,1.84,13.53,18.25,101.88,0.86,62.7,68,230,0,0,0,0,0,0,0,0,0
Tahj Brooks,Cincinnati Bengals,RB,0.0/0.0,0,0,0,68.32,286.8,1.6,14.45,19.55,101.92,0.73,58.86,69,234,0,0,0,0,0,0,0,0,0
Bhayshul Tuten,Jacksonville Jaguars,RB,0.0/0.0,0,0,0,67.42,284.46,1.42,15.61,22.21,110.46,0.68,58.64,70,236,0,0,0,0,0,0,0,0,0
Chris Rodriguez Jr.,Washington Commanders,RB,0.0/0.0,0,0,0,80.77,346.24,2.08,8.3,10.99,58.63,0.46,58.52,71,237,0,0,0,0,0,0,0,0,0
Devin Neal,New Orleans Saints,RB,0.0/0.0,0,0,0,67.22,286.12,2.07,11.59,16.18,83.03,0.54,57.39,72,239,0,0,0,0,0,0,0,0,0
Devin Singletary,New York Giants,RB,0.0/0.0,0,0,0,66.56,293.25,1.64,13.42,19.08,95.33,0.44,56.71,73,240,0,0,0,0,0,0,0,0,0
Samaje Perine,Cincinnati Bengals,RB,0.0/0.0,0,0,0,44.21,182.28,1.11,17.71,22.8,151.24,0.88,53.13,74,249,0,0,0,0,0,0,0,0,0
Miles Sanders,Dallas Cowboys,RB,0.0/0.0,0,0,0,79.78,374.39,1.67,4.12,6.03,22.17,0.17,51.74,75,251,0,0,0,0,0,0,0,0,0
Hassan Haskins,Los Angeles Chargers,RB,0.0/0.0,0,0,0,45.91,189.35,1.25,16.31,22.67,122.88,0.96,51.62,76,252,0,0,0,0,0,0,0,0,0
Emanuel Wilson,Green Bay Packers,RB,0.0/0.0,0,0,0,60.95,264.37,1.62,7.77,10.98,55.43,0.5,47.91,77,255,0,0,0,0,0,0,0,0,0
Sean Tucker,Tampa Bay Buccaneers,RB,0.0/0.0,0,0,0,71.15,307.53,1.69,4.47,5.91,32.29,0.23,46.7,78,258,0,0,0,0,0,0,0,0,0
A.J. Dillon,Philadelphia Eagles,RB,0.0/0.0,0,0,0,56.31,233.19,1.68,7.52,10,62.52,0.33,45.39,79,260,0,0,0,0,0,0,0,0,0
Kenneth Gainwell,Pittsburgh Steelers,RB,0.0/0.0,0,0,0,60,253.01,1.65,7.68,10.95,53.18,0.34,45.32,80,261,0,0,0,0,0,0,0,0,0
Ty Johnson,Buffalo Bills,RB,0.0/0.0,0,0,0,27.93,120.63,0.73,15.45,22.13,149.96,0.91,44.2,81,264,0,0,0,0,0,0,0,0,0
Kimani Vidal,Los Angeles Chargers,RB,0.0/0.0,0,0,0,39.03,162.89,1.03,12.06,17.03,93.25,0.71,41.1,82,268,0,0,0,0,0,0,0,0,0
Justice Hill,Baltimore Ravens,RB,0.0/0.0,0,0,0,44.06,190.88,1.48,7.95,10.42,59.43,0.48,40.43,83,270,0,0,0,0,0,0,0,0,0
Craig Reynolds,Detroit Lions,RB,0.0/0.0,0,0,0,12.21,51.74,0.29,16.72,23.51,134.76,1.01,34.47,84,281,0,0,0,0,0,0,0,0,0
Travis Homer,Chicago Bears,RB,0.0/0.0,0,0,0,38.93,168.33,0.81,8.09,11.25,61.53,0.34,33.55,85,282,0,0,0,0,0,0,0,0,0
Ollie Gordon II,Miami Dolphins,RB,0.0/0.0,0,0,0,30.53,128.95,0.62,9.49,12.74,61.32,0.43,29.61,86,287,0,0,0,0,0,0,0,0,0
Kyle Juszczyk,San Francisco 49ers,RB,0.0/0.0,0,0,0,7.26,30.55,0.2,13.65,19.34,132.21,0.85,29.06,87,289,0,0,0,0,0,0,0,0,0
Isaiah Davis,New York Jets,RB,0.0/0.0,0,0,0,39.96,170.9,0.94,3.62,5.07,25.07,0.17,27.47,88,292,0,0,0,0,0,0,0,0,0
Isaac Guerendo,San Francisco 49ers,RB,0.0/0.0,0,0,0,38.74,167.71,1.14,2.03,2.77,16.86,0.17,26.31,89,297,0,0,0,0,0,0,0,0,0
Ty Chandler,Minnesota Vikings,RB,0.0/0.0,0,0,0,32.01,134.61,0.9,4.62,6.48,31.26,0.23,25.68,90,300,0,0,0,0,0,0,0,0,0
DJ Giddens,Indianapolis Colts,RB,0.0/0.0,0,0,0,22.07,93,0.58,7.69,10.71,50.53,0.35,23.44,91,303,0,0,0,0,0,0,0,0,0
Will Shipley,Philadelphia Eagles,RB,0.0/0.0,0,0,0,22.51,94.22,0.53,7.3,10,53.27,0.34,23.28,92,305,0,0,0,0,0,0,0,0,0
Elijah Mitchell,Kansas City Chiefs,RB,0.0/0.0,0,0,0,27.31,119.63,0.7,4.54,6.12,33.05,0.19,22.88,93,308,0,0,0,0,0,0,0,0,0
Kenny McIntosh,Seattle Seahawks,RB,0.0/0.0,0,0,0,16.37,70.27,0.35,7.88,11.36,61.17,0.39,21.18,94,309,0,0,0,0,0,0,0,0,0
Eric Gray,New York Giants,RB,0.0/0.0,0,0,0,23.79,99.22,0.46,3.82,5.44,28.18,0.17,17.13,95,317,0,0,0,0,0,0,0,0,0
Dameon Pierce,Houston Texans,RB,0.0/0.0,0,0,0,8.96,37.36,0.18,8.36,11.62,54.49,0.43,17.03,96,319,0,0,0,0,0,0,0,0,0
Emari Demercado,Arizona Cardinals,RB,0.0/0.0,0,0,0,9.64,42.61,0.28,4.15,5.65,28.49,0.18,11.95,97,335,0,0,0,0,0,0,0,0,0
Darrynton Evans,Buffalo Bills,RB,0.0/0.0,0,0,0,10.14,42.53,0.19,3.88,5.54,30.6,0.21,11.65,98,336,0,0,0,0,0,0,0,0,0
Patrick Ricard,Baltimore Ravens,RB,0.0/0.0,0,0,0,8.26,34.55,0.32,3.95,5.22,27.55,0.23,11.49,99,338,0,0,0,0,0,0,0,0,0
Trey Sermon,Pittsburgh Steelers,RB,0.0/0.0,0,0,0,9.99,41.4,0.19,3.87,5.47,26.99,0.17,10.93,100,339,0,0,0,0,0,0,0,0,0
Zonovan Knight,Arizona Cardinals,RB,0.0/0.0,0,0,0,4.82,20.11,0.17,4.2,5.65,30.56,0.19,9.33,101,343,0,0,0,0,0,0,0,0,0
Terrell Jennings,New England Patriots,RB,0.0/0.0,0,0,0,4.81,20.14,0.11,3.79,5.34,29.11,0.17,8.5,102,349,0,0,0,0,0,0,0,0,0
Velus Jones,New Orleans Saints,RB,0.0/0.0,0,0,0,4.81,20.89,0.17,3.66,5.38,26.89,0.17,8.31,103,350,0,0,0,0,0,0,0,0,0
Brashard Smith,Kansas City Chiefs,RB,0.0/0.0,0,0,0,10.19,42.82,0.24,1.07,1.45,8.22,0.04,7.16,104,355,0,0,0,0,0,0,0,0,0
Dare Ogunbowale,Houston Texans,RB,0.0/0.0,0,0,0,2.24,9.16,0,4.02,5.81,29.46,0.17,6.89,105,356,0,0,0,0,0,0,0,0,0
Alec Ingold,Miami Dolphins,RB,0.0/0.0,0,0,0,4.95,20.42,0.16,2.17,2.92,15.21,0.16,6.55,106,358,0,0,0,0,0,0,0,0,0
Hunter Luepke,Dallas Cowboys,RB,0.0/0.0,0,0,0,2.22,9.35,0,2.12,3.01,14.51,0.05,3.75,107,371,0,0,0,0,0,0,0,0,0
Michael Burton,Denver Broncos,RB,0.0/0.0,0,0,0,0,0,0,0,0,0,0,0,108,374,0,0,0,0,0,0,0,0,0
C.J. Ham,Minnesota Vikings,RB,0.0/0.0,0,0,0,0,0,0,0,0,0,0,0,108,374,0,0,0,0,0,0,0,0,0
Jeremy McNichols,Washington Commanders,RB,0.0/0.0,0,0,0,0,0,0,0,0,0,0,0,108,374,0,0,0,0,0,0,0,0,0
Andrew Beck,New York Jets,RB,0.0/0.0,0,0,0,0,0,0,0,0,0,0,0,108,374,0,0,0,0,0,0,0,0,0
Reggie Gilliam,Buffalo Bills,RB,0.0/0.0,0,0,0,0,0,0,0,0,0,0,0,108,374,0,0,0,0,0,0,0,0,0
Tyler Badie,Denver Broncos,RB,0.0/0.0,0,0,0,0,0,0,0,0,0,0,0,108,374,0,0,0,0,0,0,0,0,0
Chris Brooks,Green Bay Packers,RB,0.0/0.0,0,0,0,0,0,0,0,0,0,0,0,108,374,0,0,0,0,0,0,0,0,0
Brady Russell,Seattle Seahawks,RB,0.0/0.0,0,0,0,0,0,0,0,0,0,0,0,108,374,0,0,0,0,0,0,0,0,0
Tyler Goodson,Indianapolis Colts,RB,0.0/0.0,0,0,0,0,0,0,0,0,0,0,0,108,374,0,0,0,0,0,0,0,0,0
Dylan Laube,Las Vegas Raiders,RB,0.0/0.0,0,0,0,0,0,0,0,0,0,0,0,108,374,0,0,0,0,0,0,0,0,0
British Brooks,Houston Texans,RB,0.0/0.0,0,0,0,0,0,0,0,0,0,0,0,108,374,0,0,0,0,0,0,0,0,0
Sione Vaki,Detroit Lions,RB,0.0/0.0,0,0,0,0,0,0,0,0,0,0,0,108,374,0,0,0,0,0,0,0,0,0
Chris Collier,Las Vegas Raiders,RB,0.0/0.0,0,0,0,0,0,0,0,0,0,0,0,108,374,0,0,0,0,0,0,0,0,0
Rasheen Ali,Baltimore Ravens,RB,0.0/0.0,0,0,0,0,0,0,0,0,0,0,0,108,374,0,0,0,0,0,0,0,0,0
George Holani,Seattle Seahawks,RB,0.0/0.0,0,0,0,0,0,0,0,0,0,0,0,108,374,0,0,0,0,0,0,0,0,0
Ja'Marr Chase,Cincinnati Bengals,WR,0.0/0.0,0,0,0,0,0,0,136.15,195.57,1750.3,14.02,327.11,1,10,0,0,0,0,0,0,0,0,0
Justin Jefferson,Minnesota Vikings,WR,0.0/0.0,0,0,0,0,0,0,110.79,169.06,1472.61,11.4,270.08,2,29,0,0,0,0,0,0,0,0,0
CeeDee Lamb,Dallas Cowboys,WR,0.0/0.0,0,0,0,4.43,22.5,0.17,112.86,165.38,1453.31,8.67,256.05,3,35,0,0,0,0,0,0,0,0,0
Amon-Ra St. Brown,Detroit Lions,WR,0.0/0.0,0,0,0,0,0,0,115.88,167.32,1325.45,10.64,253.91,4,37,0,0,0,0,0,0,0,0,0
Puka Nacua,Los Angeles Rams,WR,0.0/0.0,0,0,0,4.53,23.11,0.18,107.25,160.17,1358.46,8.21,241.78,5,42,0,0,0,0,0,0,0,0,0
Drake London,Atlanta Falcons,WR,0.0/0.0,0,0,0,0,0,0,101.56,161.14,1393.56,8.67,241.44,6,43,0,0,0,0,0,0,0,0,0
Brian Thomas Jr.,Jacksonville Jaguars,WR,0.0/0.0,0,0,0,0,0,0,99.59,163.8,1427.05,8.12,241.22,7,44,0,0,0,0,0,0,0,0,0
Nico Collins,Houston Texans,WR,0.0/0.0,0,0,0,0,0,0,98.64,156.87,1367.88,8.57,237.19,8,47,0,0,0,0,0,0,0,0,0
Malik Nabers,New York Giants,WR,0.0/0.0,0,0,0,0,0,0,98.88,158.22,1402.89,7.08,231.53,9,49,0,0,0,0,0,0,0,0,0
Terry McLaurin,Washington Commanders,WR,0.0/0.0,0,0,0,0,0,0,102.45,156.64,1256.67,8.7,228.75,10,52,0,0,0,0,0,0,0,0,0
Mike Evans,Tampa Bay Buccaneers,WR,0.0/0.0,0,0,0,0,0,0,89.35,143.74,1107.33,12.04,227.95,11,53,0,0,0,0,0,0,0,0,0
Ladd McConkey,Los Angeles Chargers,WR,0.0/0.0,0,0,0,0,0,0,94.87,147.42,1305.53,8.36,227.13,12,55,0,0,0,0,0,0,0,0,0
Tyreek Hill,Miami Dolphins,WR,0.0/0.0,0,0,0,4.95,26.15,0.19,103,151.67,1219.67,8.37,227.1,13,56,0,0,0,0,0,0,0,0,0
A.J. Brown,Philadelphia Eagles,WR,0.0/0.0,0,0,0,0,0,0,93.86,147.42,1297.95,8.5,227.05,14,57,0,0,0,0,0,0,0,0,0
Tee Higgins,Cincinnati Bengals,WR,0.0/0.0,0,0,0,0,0,0,94.15,146.67,1223.22,8.41,219.56,15,58,0,0,0,0,0,0,0,0,0
Jaxon Smith-Njigba,Seattle Seahawks,WR,0.0/0.0,0,0,0,0,0,0,100.06,159.16,1218.26,7.45,216.22,16,60,0,0,0,0,0,0,0,0,0
Zay Flowers,Baltimore Ravens,WR,0.0/0.0,0,0,0,5.52,28.12,0.22,86.57,132.91,1146.66,7.86,209.46,17,64,0,0,0,0,0,0,0,0,0
Marvin Harrison Jr.,Arizona Cardinals,WR,0.0/0.0,0,0,0,0,0,0,90.12,149.37,1171.83,7.73,207.94,18,65,0,0,0,0,0,0,0,0,0
D.K. Metcalf,Pittsburgh Steelers,WR,0.0/0.0,0,0,0,0,0,0,79.72,139.46,1164.3,7.6,200.87,19,71,0,0,0,0,0,0,0,0,0
Jerry Jeudy,Cleveland Browns,WR,0.0/0.0,0,0,0,0,0,0,85.04,136.01,1230.59,4.29,191.66,20,72,0,0,0,0,0,0,0,0,0
D.J. Moore,Chicago Bears,WR,0.0/0.0,0,0,0,9.16,47.89,0.34,96.57,150.63,1004.81,6.04,191.07,21,74,0,0,0,0,0,0,0,0,0
Cooper Kupp,Seattle Seahawks,WR,0.0/0.0,0,0,0,0,0,0,85.43,136.41,1014.4,7.66,189.1,22,76,0,0,0,0,0,0,0,0,0
Jauan Jennings,San Francisco 49ers,WR,0.0/0.0,0,0,0,9.67,48.88,0.36,76.98,126.95,1006.22,7.31,188.7,23,78,0,0,0,0,0,0,0,0,0
Garrett Wilson,New York Jets,WR,0.0/0.0,0,0,0,0,0,0,89.34,147.37,1049.95,6.49,187.15,24,80,0,0,0,0,0,0,0,0,0
Davante Adams,Los Angeles Rams,WR,0.0/0.0,0,0,0,0,0,0,82.99,139.79,978.97,7.49,184.67,25,81,0,0,0,0,0,0,0,0,0
Courtland Sutton,Denver Broncos,WR,0.0/0.0,0,0,0,0,0,0,77.48,132.26,1020.17,7.35,183.5,26,83,0,0,0,0,0,0,0,0,0
DeVonta Smith,Philadelphia Eagles,WR,0.0/0.0,0,0,0,0,0,0,84.36,122.44,1012.4,6.23,180.12,27,84,0,0,0,0,0,0,0,0,0
Jaylen Waddle,Miami Dolphins,WR,0.0/0.0,0,0,0,0.27,1.4,0.01,85.28,128.32,1006.11,5.62,177.07,28,86,0,0,0,0,0,0,0,0,0
Ricky Pearsall,San Francisco 49ers,WR,0.0/0.0,0,0,0,9.67,49.19,0.36,70.96,120.03,945.88,6.71,177.07,28,86,0,0,0,0,0,0,0,0,0
Calvin Ridley,Tennessee Titans,WR,0.0/0.0,0,0,0,0,0,0,72.66,128.1,1026.01,5.98,174.07,30,88,0,0,0,0,0,0,0,0,0
Xavier Worthy,Kansas City Chiefs,WR,0.0/0.0,0,0,0,0,0,0,77.5,124.05,944.35,6.43,171.69,31,90,0,0,0,0,0,0,0,0,0
Deebo Samuel,Washington Commanders,WR,0.0/0.0,0,0,0,10.07,52.17,0.56,72.76,112.67,926.94,5.89,171.63,32,91,0,0,0,0,0,0,0,0,0
Travis Hunter,Jacksonville Jaguars,WR,0.0/0.0,0,0,0,9,45.88,0.33,77.75,127.71,944.39,5.17,170.56,33,92,0,0,0,0,0,0,0,0,0
George Pickens,Dallas Cowboys,WR,0.0/0.0,0,0,0,0,0,0,75.02,132.29,1051.24,4.87,170.49,34,93,0,0,0,0,0,0,0,0,0
Matthew Golden,Green Bay Packers,WR,0.0/0.0,0,0,0,0,0,0,70.56,120.78,898.43,6.95,166.4,35,96,0,0,0,0,0,0,0,0,0
Stefon Diggs,New England Patriots,WR,0.0/0.0,0,0,0,0,0,0,82.21,128.03,921.13,5.46,165.3,36,97,0,0,0,0,0,0,0,0,0
Tetairoa McMillan,Carolina Panthers,WR,0.0/0.0,0,0,0,0,0,0,74.31,119.05,930.87,5.45,162.6,37,99,0,0,0,0,0,0,0,0,0
Marvin Mims,Denver Broncos,WR,0.0/0.0,0,0,0,0,0,0,68.08,106.38,913.13,6.34,162.37,38,100,0,0,0,0,0,0,0,0,0
Chris Olave,New Orleans Saints,WR,0.0/0.0,0,0,0,0,0,0,75.54,129.36,896.78,5.59,160.25,39,102,0,0,0,0,0,0,0,0,0
Jameson Williams,Detroit Lions,WR,0.0/0.0,0,0,0,4.89,25.17,0.2,57.08,96.88,886.71,6.13,157.37,40,105,0,0,0,0,0,0,0,0,0
Jakobi Meyers,Las Vegas Raiders,WR,0.0/0.0,0,0,0,0,0,0,78.12,118.38,936.79,4.15,157.24,41,106,0,0,0,0,0,0,0,0,0
Rome Odunze,Chicago Bears,WR,0.0/0.0,0,0,0,0,0,0,72.77,125.26,896.76,5.1,155.78,42,107,0,0,0,0,0,0,0,0,0
Tyler Lockett,Tennessee Titans,WR,0.0/0.0,0,0,0,0,0,0,71.48,106.74,873.06,5.38,154.99,43,109,0,0,0,0,0,0,0,0,0
Keon Coleman,Buffalo Bills,WR,0.0/0.0,0,0,0,0,0,0,61.06,102.38,887.64,5.91,154.71,44,110,0,0,0,0,0,0,0,0,0
Michael Pittman Jr.,Indianapolis Colts,WR,0.0/0.0,0,0,0,0,0,0,81.35,128.49,867.38,4.48,153.27,45,111,0,0,0,0,0,0,0,0,0
Rashid Shaheed,New Orleans Saints,WR,0.0/0.0,0,0,0,4.81,24.6,0.19,62.05,107.81,885.53,5.09,152.7,46,112,0,0,0,0,0,0,0,0,0
Jayden Reed,Green Bay Packers,WR,0.0/0.0,0,0,0,0,0,0,62.52,98.84,829.06,6.38,151.05,47,114,0,0,0,0,0,0,0,0,0
Khalil Shakir,Buffalo Bills,WR,0.0/0.0,0,0,0,0,0,0,65.58,99.62,785.17,5.5,143.63,48,123,0,0,0,0,0,0,0,0,0
Rashod Bateman,Baltimore Ravens,WR,0.0/0.0,0,0,0,0,0,0,55.58,91.2,774.55,6.05,141.5,49,124,0,0,0,0,0,0,0,0,0
Jordan Addison,Minnesota Vikings,WR,0.0/0.0,0,0,0,0,0,0,59.39,98.41,728.67,6.1,139.16,50,126,0,0,0,0,0,0,0,0,0
Cedric Tillman,Cleveland Browns,WR,0.0/0.0,0,0,0,0,0,0,64.01,106.43,834.07,3.88,138.35,51,127,0,0,0,0,0,0,0,0,0
Rashee Rice,Kansas City Chiefs,WR,0.0/0.0,0,0,0,0,0,0,60.64,89.2,763.75,4.67,134.09,52,129,0,0,0,0,0,0,0,0,0
Emeka Egbuka,Tampa Bay Buccaneers,WR,0.0/0.0,0,0,0,0,0,0,61.29,93.48,716.98,5.28,133.72,53,130,0,0,0,0,0,0,0,0,0
Chris Godwin,Tampa Bay Buccaneers,WR,0.0/0.0,0,0,0,0,0,0,62.92,90,715.04,4.93,131.76,54,131,0,0,0,0,0,0,0,0,0
Josh Downs,Indianapolis Colts,WR,0.0/0.0,0,0,0,0,0,0,68.32,107.07,692.23,4.32,129.3,55,133,0,0,0,0,0,0,0,0,0
Marquise Brown,Kansas City Chiefs,WR,0.0/0.0,0,0,0,0,0,0,56.77,99.45,658.84,4.95,123.19,56,135,0,0,0,0,0,0,0,0,0
Xavier Legette,Carolina Panthers,WR,0.0/0.0,0,0,0,4.6,23.15,0.17,62.43,108.21,688.22,3.29,122.77,57,136,0,0,0,0,0,0,0,0,0
Adam Thielen,Carolina Panthers,WR,0.0/0.0,0,0,0,0,0,0,57.1,86.58,620.53,3.38,110.54,58,143,0,0,0,0,0,0,0,0,0
Ray-Ray McCloud,Atlanta Falcons,WR,0.0/0.0,0,0,0,5.11,26.99,0.19,51.74,81.94,607.7,3.58,107.1,59,146,0,0,0,0,0,0,0,0,0
Wan'Dale Robinson,New York Giants,WR,0.0/0.0,0,0,0,0,0,0,61.45,98.23,548.33,3.06,104.26,60,149,0,0,0,0,0,0,0,0,0
Christian Kirk,Houston Texans,WR,0.0/0.0,0,0,0,0,0,0,46.54,75.54,603.47,3.4,103.68,61,151,0,0,0,0,0,0,0,0,0
Luther Burden III,Chicago Bears,WR,0.0/0.0,0,0,0,4.57,23.2,0.19,46,78.86,555,3.21,100.88,62,154,0,0,0,0,0,0,0,0,0
Dyami Brown,Jacksonville Jaguars,WR,0.0/0.0,0,0,0,0,0,0,45.83,80.51,574.09,3.06,98.36,63,157,0,0,0,0,0,0,0,0,0
Josh Palmer,Buffalo Bills,WR,0.0/0.0,0,0,0,0,0,0,40.36,66.42,576.01,3.42,98.24,64,158,0,0,0,0,0,0,0,0,0
Keenan Allen,Los Angeles Chargers,WR,0.0/0.0,0,0,0,0,0,0,46.54,73.71,513.29,3.79,97,65,162,0,0,0,0,0,0,0,0,0
Calvin Austin III,Pittsburgh Steelers,WR,0.0/0.0,0,0,0,4.97,25.36,0.21,41.45,71.1,530.73,3.29,96.65,66,164,0,0,0,0,0,0,0,0,0
DeAndre Hopkins,Baltimore Ravens,WR,0.0/0.0,0,0,0,0,0,0,41.61,67.75,478.32,4.68,96.36,67,165,0,0,0,0,0,0,0,0,0
Tre Harris,Los Angeles Chargers,WR,0.0/0.0,0,0,0,0,0,0,40.37,68.04,523.31,3.65,94.42,68,167,0,0,0,0,0,0,0,0,0
Michael Wilson,Arizona Cardinals,WR,0.0/0.0,0,0,0,4.82,24.78,0.22,40.5,64.83,507.29,3.29,94.3,69,168,0,0,0,0,0,0,0,0,0
Romeo Doubs,Green Bay Packers,WR,0.0/0.0,0,0,0,0,0,0,39.15,65.88,480.02,4.08,91.62,70,172,0,0,0,0,0,0,0,0,0
Jayden Higgins,Houston Texans,WR,0.0/0.0,0,0,0,0,0,0,41.77,69.74,505.36,3.25,90.92,71,173,0,0,0,0,0,0,0,0,0
JuJu Smith-Schuster,Kansas City Chiefs,WR,0.0/0.0,0,0,0,0,0,0,44.58,65.84,502.12,3.27,90.78,72,175,0,0,0,0,0,0,0,0,0
Dontayvion Wicks,Green Bay Packers,WR,0.0/0.0,0,0,0,0,0,0,37.49,65.88,474.14,4.21,90.64,73,176,0,0,0,0,0,0,0,0,0
Josh Reynolds,New York Jets,WR,0.0/0.0,0,0,0,0,0,0,41.04,68.62,509.76,3.05,89.46,74,178,0,0,0,0,0,0,0,0,0
Kendrick Bourne,New England Patriots,WR,0.0/0.0,0,0,0,0,0,0,42.92,64.03,508.38,2.61,87.12,75,180,0,0,0,0,0,0,0,0,0
Troy Franklin,Denver Broncos,WR,0.0/0.0,0,0,0,0,0,0,40.79,71.87,453.53,3.63,86.81,76,181,0,0,0,0,0,0,0,0,0
Tutu Atwell,Los Angeles Rams,WR,0.0/0.0,0,0,0,4.53,23,0.18,39.86,64.08,473.72,2.55,85.78,77,185,0,0,0,0,0,0,0,0,0
Demario Douglas,New England Patriots,WR,0.0/0.0,0,0,0,0,0,0,44.46,69.33,484.68,2.59,85.56,78,186,0,0,0,0,0,0,0,0,0
Van Jefferson,Tennessee Titans,WR,0.0/0.0,0,0,0,0,0,0,38.11,65.92,502.34,2.72,85.47,79,187,0,0,0,0,0,0,0,0,0
Jamari Thrash,Cleveland Browns,WR,0.0/0.0,0,0,0,0,0,0,38.62,65.03,513.23,2.54,85.39,80,188,0,0,0,0,0,0,0,0,0
Jordan Whittington,Los Angeles Rams,WR,0.0/0.0,0,0,0,0,0,0,40.24,64.08,492.9,2.59,84.75,81,190,0,0,0,0,0,0,0,0,0
Alec Pierce,Indianapolis Colts,WR,0.0/0.0,0,0,0,0,0,0,34.56,64.25,511.56,2.67,84.32,82,192,0,0,0,0,0,0,0,0,0
Roman Wilson,Pittsburgh Steelers,WR,0.0/0.0,0,0,0,0,0,0,35.09,60.15,424.02,3.01,77.33,83,200,0,0,0,0,0,0,0,0,0
Tre Tucker,Las Vegas Raiders,WR,0.0/0.0,0,0,0,0,0,0,35.16,56.37,445.9,2.29,75.57,84,202,0,0,0,0,0,0,0,0,0
Jalen Nailor,Minnesota Vikings,WR,0.0/0.0,0,0,0,0,0,0,32.36,52.93,398.38,3.17,74.7,85,203,0,0,0,0,0,0,0,0,0
Darius Slayton,New York Giants,WR,0.0/0.0,0,0,0,0,0,0,31.71,60.02,459.71,2.04,73.39,86,207,0,0,0,0,0,0,0,0,0
Jalen Coker,Carolina Panthers,WR,0.0/0.0,0,0,0,0,0,0,37.45,64.92,445.89,1.8,73.33,87,208,0,0,0,0,0,0,0,0,0
Allen Lazard,New York Jets,WR,0.0/0.0,0,0,0,0,0,0,32.79,55.9,394.82,2.87,73.1,88,210,0,0,0,0,0,0,0,0,0
Greg Dortch,Arizona Cardinals,WR,0.0/0.0,0,0,0,4.82,24.94,0.22,35.29,53.56,355.45,2.67,71.96,89,213,0,0,0,0,0,0,0,0,0
Jalen Tolbert,Dallas Cowboys,WR,0.0/0.0,0,0,0,0,0,0,35.08,60.12,390.57,2.54,71.16,90,214,0,0,0,0,0,0,0,0,0
Brandin Cooks,New Orleans Saints,WR,0.0/0.0,0,0,0,0,0,0,33.66,59.31,375.06,2.74,70.6,91,215,0,0,0,0,0,0,0,0,0
Andrei Iosivas,Cincinnati Bengals,WR,0.0/0.0,0,0,0,0,0,0,31.57,52.16,364.08,3.07,70.27,92,217,0,0,0,0,0,0,0,0,0
Kayshon Boutte,New England Patriots,WR,0.0/0.0,0,0,0,0,0,0,31.49,53.34,415.15,2.22,70.24,93,218,0,0,0,0,0,0,0,0,0
Noah Brown,Washington Commanders,WR,0.0/0.0,0,0,0,0,0,0,30.28,49.46,391.91,2.43,68.57,94,225,0,0,0,0,0,0,0,0,0
Malik Washington,Miami Dolphins,WR,0.0/0.0,0,0,0,0,0,0,32.57,49.57,335.92,2.22,62.86,95,229,0,0,0,0,0,0,0,0,0
Curtis Samuel,Buffalo Bills,WR,0.0/0.0,0,0,0,5.08,26.61,0.22,28.77,44.28,299.66,2.39,62.33,96,231,0,0,0,0,0,0,0,0,0
Amari Cooper,Las Vegas Raiders,WR,0.0/0.0,0,0,0,0,0,0,25.37,45.09,363.7,1.96,60.47,97,232,0,0,0,0,0,0,0,0,0
Nick Westbrook-Ikhine,Miami Dolphins,WR,0.0/0.0,0,0,0,0,0,0,25.92,43.76,329.69,2.19,58.73,98,235,0,0,0,0,0,0,0,0,0
Quentin Johnston,Los Angeles Chargers,WR,0.0/0.0,0,0,0,0,0,0,24.68,42.53,313.99,2.35,57.84,99,238,0,0,0,0,0,0,0,0,0
Tai Felton,Minnesota Vikings,WR,0.0/0.0,0,0,0,0,0,0,25.64,43.98,297.04,2.4,56.64,100,241,0,0,0,0,0,0,0,0,0
Adonai Mitchell,Indianapolis Colts,WR,0.0/0.0,0,0,0,0,0,0,27.14,48.17,305.24,2.1,56.01,101,242,0,0,0,0,0,0,0,0,0
Jake Bobo,Seattle Seahawks,WR,0.0/0.0,0,0,0,0,0,0,24.94,42.63,303.94,2.19,55.66,102,243,0,0,0,0,0,0,0,0,0
Dont'e Thornton Jr.,Las Vegas Raiders,WR,0.0/0.0,0,0,0,0,0,0,26.03,42.28,317.06,1.83,55.36,103,244,0,0,0,0,0,0,0,0,0
Tyler Johnson,New York Jets,WR,0.0/0.0,0,0,0,0,0,0,27.64,45.75,290.79,2.11,55.22,104,245,0,0,0,0,0,0,0,0,0
Tim Patrick,Detroit Lions,WR,0.0/0.0,0,0,0,0,0,0,22.63,38.16,298.56,2.3,54.63,105,246,0,0,0,0,0,0,0,0,0
Elic Ayomanor,Tennessee Titans,WR,0.0/0.0,0,0,0,0,0,0,24.81,40.04,307.11,1.79,53.52,106,247,0,0,0,0,0,0,0,0,0
Zay Jones,Arizona Cardinals,WR,0.0/0.0,0,0,0,0,0,0,26.99,42.26,282.34,1.93,53.31,107,248,0,0,0,0,0,0,0,0,0
Xavier Hutchinson,Houston Texans,WR,0.0/0.0,0,0,0,0,0,0,26.04,46.49,283.52,1.94,52.33,108,250,0,0,0,0,0,0,0,0,0
Kalif Raymond,Detroit Lions,WR,0.0/0.0,0,0,0,0,0,0,20.77,32.3,279.55,1.94,48.62,109,254,0,0,0,0,0,0,0,0,0
Skyy Moore,San Francisco 49ers,WR,0.0/0.0,0,0,0,0,0,0,21.74,38.64,265.1,1.89,47.76,110,256,0,0,0,0,0,0,0,0,0
Jalin Hyatt,New York Giants,WR,0.0/0.0,0,0,0,0,0,0,21.21,38.18,275.77,1.38,46.12,111,259,0,0,0,0,0,0,0,0,0
Elijah Moore,Buffalo Bills,WR,0.0/0.0,0,0,0,0,0,0,21.57,38.73,235.64,1.87,45.23,112,262,0,0,0,0,0,0,0,0,0
Jalen McMillan,Tampa Bay Buccaneers,WR,0.0/0.0,0,0,0,0,0,0,19.64,30.94,229.87,1.92,44.15,113,265,0,0,0,0,0,0,0,0,0
Devaughn Vele,New Orleans Saints,WR,0.0/0.0,0,0,0,0,0,0,18.96,32.34,214.58,1.62,40.32,114,271,0,0,0,0,0,0,0,0,0
KaVontae Turpin,Dallas Cowboys,WR,0.0/0.0,0,0,0,4.43,22.36,0.17,17.49,30.07,197.87,1.25,38.27,115,272,0,0,0,0,0,0,0,0,0
Khadarel Hodge,Atlanta Falcons,WR,0.0/0.0,0,0,0,0,0,0,15.45,27.31,207.85,1.21,35.43,116,279,0,0,0,0,0,0,0,0,0
Cedrick Wilson,New Orleans Saints,WR,0.0/0.0,0,0,0,0,0,0,16.03,26.94,190.31,1.37,34.93,117,280,0,0,0,0,0,0,0,0,0
A.T. Perry,Denver Broncos,WR,0.0/0.0,0,0,0,0,0,0,13.72,23,179.98,1.45,33.22,118,283,0,0,0,0,0,0,0,0,0
Jahan Dotson,Philadelphia Eagles,WR,0.0/0.0,0,0,0,0,0,0,14.7,25,174.02,1.18,31.83,119,284,0,0,0,0,0,0,0,0,0
Luke McCaffrey,Washington Commanders,WR,0.0/0.0,0,0,0,0,0,0,15.27,24.74,162.91,1.17,30.61,120,285,0,0,0,0,0,0,0,0,0
Tylan Wallace,Baltimore Ravens,WR,0.0/0.0,0,0,0,0,0,0,12.74,20.85,157.47,1.46,30.54,121,286,0,0,0,0,0,0,0,0,0
Olamide Zaccheaus,Chicago Bears,WR,0.0/0.0,0,0,0,0,0,0,13.26,22.54,158.45,0.88,27.41,122,293,0,0,0,0,0,0,0,0,0
Malik Heath,Green Bay Packers,WR,0.0/0.0,0,0,0,0,0,0,12.55,21.96,139.77,1.17,26.93,123,294,0,0,0,0,0,0,0,0,0
Jermaine Burton,Cincinnati Bengals,WR,0.0/0.0,0,0,0,0,0,0,11.7,19.55,143.29,1.06,26.2,124,298,0,0,0,0,0,0,0,0,0
Casey Washington,Atlanta Falcons,WR,0.0/0.0,0,0,0,0,0,0,12.49,21.84,141.22,1.01,26.09,125,299,0,0,0,0,0,0,0,0,0
David Moore,Carolina Panthers,WR,0.0/0.0,0,0,0,0,0,0,12.16,21.65,147.63,0.74,24.94,126,301,0,0,0,0,0,0,0,0,0
Dareke Young,Seattle Seahawks,WR,0.0/0.0,0,0,0,0,0,0,9.43,17.05,115.14,0.73,20.27,127,310,0,0,0,0,0,0,0,0,0
Cody White,Seattle Seahawks,WR,0.0/0.0,0,0,0,0,0,0,9.53,17.05,115.03,0.72,20.25,128,311,0,0,0,0,0,0,0,0,0
Jamal Agnew,Atlanta Falcons,WR,0.0/0.0,0,0,0,0,0,0,9.94,16.39,103.27,0.88,19.9,129,312,0,0,0,0,0,0,0,0,0
John Metchie III,Philadelphia Eagles,WR,0.0/0.0,0,0,0,0,0,0,9,14.99,101.98,0.73,18.76,130,313,0,0,0,0,0,0,0,0,0
Sterling Shepard,Tampa Bay Buccaneers,WR,0.0/0.0,0,0,0,0,0,0,9.54,14.57,94.43,0.72,18.53,131,314,0,0,0,0,0,0,0,0,0
Tim Jones,Minnesota Vikings,WR,0.0/0.0,0,0,0,0,0,0,8.17,14.03,90.91,0.77,17.8,132,315,0,0,0,0,0,0,0,0,0
Charlie Jones,Cincinnati Bengals,WR,0.0/0.0,0,0,0,0,0,0,8.08,13.05,95.92,0.65,17.53,133,316,0,0,0,0,0,0,0,0,0
Irvin Charles,New York Jets,WR,0.0/0.0,0,0,0,0,0,0,8.73,15.23,92.96,0.63,17.1,134,318,0,0,0,0,0,0,0,0,0
Justin Watson,Houston Texans,WR,0.0/0.0,0,0,0,0,0,0,6.46,11.62,88.78,0.51,15.17,135,322,0,0,0,0,0,0,0,0,0
Devontez Walker,Baltimore Ravens,WR,0.0/0.0,0,0,0,0,0,0,6.32,10.42,76.53,0.72,15.13,136,323,0,0,0,0,0,0,0,0,0
Dee Eskridge,Miami Dolphins,WR,0.0/0.0,0,0,0,0,0,0,7.14,11.69,75.44,0.52,14.23,137,325,0,0,0,0,0,0,0,0,0
Bo Melton,Green Bay Packers,WR,0.0/0.0,0,0,0,0,0,0,6.18,10.98,73.76,0.55,13.49,138,329,0,0,0,0,0,0,0,0,0
Ben Skowronek,Pittsburgh Steelers,WR,0.0/0.0,0,0,0,0,0,0,6.46,10.95,71.13,0.5,13.34,139,330,0,0,0,0,0,0,0,0,0
Mack Hollins,New England Patriots,WR,0.0/0.0,0,0,0,0,0,0,6.19,10.67,75.85,0.41,13.14,140,331,0,0,0,0,0,0,0,0,0
Devin Duvernay,Chicago Bears,WR,0.0/0.0,0,0,0,0,0,0,6.98,11.25,64.58,0.49,12.89,141,333,0,0,0,0,0,0,0,0,0
Xavier Weaver,Arizona Cardinals,WR,0.0/0.0,0,0,0,0,0,0,5.12,8.45,61.3,0.48,11.57,142,337,0,0,0,0,0,0,0,0,0
Steven Sims,Seattle Seahawks,WR,0.0/0.0,0,0,0,0,0,0,4.88,8.52,51.85,0.34,9.33,143,343,0,0,0,0,0,0,0,0,0
Trishton Jackson,Arizona Cardinals,WR,0.0/0.0,0,0,0,0,0,0,3.42,5.65,40.59,0.34,7.81,144,351,0,0,0,0,0,0,0,0,0
Brycen Tremayne,Carolina Panthers,WR,0.0/0.0,0,0,0,0,0,0,3.06,5.4,33.33,0.17,5.88,145,362,0,0,0,0,0,0,0,0,0
Ashton Dulin,Indianapolis Colts,WR,0.0/0.0,0,0,0,0,0,0,1.53,2.67,17.28,0.17,3.51,146,373,0,0,0,0,0,0,0,0,0
Demarcus Robinson,San Francisco 49ers,WR,0.0/0.0,0,0,0,0,0,0,0,0,0,0,0,147,374,0,0,0,0,0,0,0,0,0
Trent Taylor,San Francisco 49ers,WR,0.0/0.0,0,0,0,0,0,0,0,0,0,0,0,147,374,0,0,0,0,0,0,0,0,0
Trent Sherfield,Denver Broncos,WR,0.0/0.0,0,0,0,0,0,0,0,0,0,0,0,147,374,0,0,0,0,0,0,0,0,0
Braxton Berrios,Houston Texans,WR,0.0/0.0,0,0,0,0,0,0,0,0,0,0,0,147,374,0,0,0,0,0,0,0,0,0
Brandon Aiyuk,San Francisco 49ers,WR,0.0/0.0,0,0,0,0,0,0,0,0,0,0,0,147,374,0,0,0,0,0,0,0,0,0
Jalen Reagor,Los Angeles Chargers,WR,0.0/0.0,0,0,0,0,0,0,0,0,0,0,0,147,374,0,0,0,0,0,0,0,0,0
Darnell Mooney,Atlanta Falcons,WR,0.0/0.0,0,0,0,0,0,0,0,0,0,0,0,147,374,0,0,0,0,0,0,0,0,0
Brandon Smith,New York Jets,WR,0.0/0.0,0,0,0,0,0,0,0,0,0,0,0,147,374,0,0,0,0,0,0,0,0,0
David Sills V,Atlanta Falcons,WR,0.0/0.0,0,0,0,0,0,0,0,0,0,0,0,147,374,0,0,0,0,0,0,0,0,0
Christian Watson,Green Bay Packers,WR,0.0/0.0,0,0,0,0,0,0,0,0,0,0,0,147,374,0,0,0,0,0,0,0,0,0
Tyquan Thornton,Kansas City Chiefs,WR,0.0/0.0,0,0,0,0,0,0,0,0,0,0,0,147,374,0,0,0,0,0,0,0,0,0
Brandon Johnson,Pittsburgh Steelers,WR,0.0/0.0,0,0,0,0,0,0,0,0,0,0,0,147,374,0,0,0,0,0,0,0,0,0
Austin Trammell,Jacksonville Jaguars,WR,0.0/0.0,0,0,0,0,0,0,0,0,0,0,0,147,374,0,0,0,0,0,0,0,0,0
Jonathan Mingo,Dallas Cowboys,WR,0.0/0.0,0,0,0,0,0,0,0,0,0,0,0,147,374,0,0,0,0,0,0,0,0,0
Tank Dell,Houston Texans,WR,0.0/0.0,0,0,0,0,0,0,0,0,0,0,0,147,374,0,0,0,0,0,0,0,0,0
Derius Davis,Los Angeles Chargers,WR,0.0/0.0,0,0,0,0,0,0,0,0,0,0,0,147,374,0,0,0,0,0,0,0,0,0
Xavier Smith,Los Angeles Rams,WR,0.0/0.0,0,0,0,0,0,0,0,0,0,0,0,147,374,0,0,0,0,0,0,0,0,0
Xavier Gipson,New York Jets,WR,0.0/0.0,0,0,0,0,0,0,0,0,0,0,0,147,374,0,0,0,0,0,0,0,0,0
Parker Washington,Jacksonville Jaguars,WR,0.0/0.0,0,0,0,0,0,0,0,0,0,0,0,147,374,0,0,0,0,0,0,0,0,0
Shedrick Jackson,Las Vegas Raiders,WR,0.0/0.0,0,0,0,0,0,0,0,0,0,0,0,147,374,0,0,0,0,0,0,0,0,0
Jason Brownlee,Kansas City Chiefs,WR,0.0/0.0,0,0,0,0,0,0,0,0,0,0,0,147,374,0,0,0,0,0,0,0,0,0
Anthony Gould,Indianapolis Colts,WR,0.0/0.0,0,0,0,0,0,0,0,0,0,0,0,147,374,0,0,0,0,0,0,0,0,0
Javon Baker,New England Patriots,WR,0.0/0.0,0,0,0,0,0,0,0,0,0,0,0,147,374,0,0,0,0,0,0,0,0,0
Mason Tipton,New Orleans Saints,WR,0.0/0.0,0,0,0,0,0,0,0,0,0,0,0,147,374,0,0,0,0,0,0,0,0,0
Kameron Johnson,Tampa Bay Buccaneers,WR,0.0/0.0,0,0,0,0,0,0,0,0,0,0,0,147,374,0,0,0,0,0,0,0,0,0
Bub Means,New Orleans Saints,WR,0.0/0.0,0,0,0,0,0,0,0,0,0,0,0,147,374,0,0,0,0,0,0,0,0,0
Jacob Cowing,San Francisco 49ers,WR,0.0/0.0,0,0,0,0,0,0,0,0,0,0,0,147,374,0,0,0,0,0,0,0,0,0
Bryce Ford-Wheaton,New York Giants,WR,0.0/0.0,0,0,0,0,0,0,0,0,0,0,0,147,374,0,0,0,0,0,0,0,0,0
Ryan Flournoy,Dallas Cowboys,WR,0.0/0.0,0,0,0,0,0,0,0,0,0,0,0,147,374,0,0,0,0,0,0,0,0,0
Ryan Miller,Tampa Bay Buccaneers,WR,0.0/0.0,0,0,0,0,0,0,0,0,0,0,0,147,374,0,0,0,0,0,0,0,0,0
Bryce Oliver,Tennessee Titans,WR,0.0/0.0,0,0,0,0,0,0,0,0,0,0,0,147,374,0,0,0,0,0,0,0,0,0
Nikko Remigio,Kansas City Chiefs,WR,0.0/0.0,0,0,0,0,0,0,0,0,0,0,0,147,374,0,0,0,0,0,0,0,0,0
Brock Bowers,Las Vegas Raiders,TE,0.0/0.0,0,0,0,0,0,0,111.25,155.04,1139.41,5.6,202.83,1,69,0,0,0,0,0,0,0,0,0
Trey McBride,Arizona Cardinals,TE,0.0/0.0,0,0,0,0,0,0,102.9,140.91,1029.37,5.97,189.87,2,75,0,0,0,0,0,0,0,0,0
George Kittle,San Francisco 49ers,TE,0.0/0.0,0,0,0,0,0,0,77.93,111.77,1095.31,6.76,189.06,3,77,0,0,0,0,0,0,0,0,0
Travis Kelce,Kansas City Chiefs,TE,0.0/0.0,0,0,0,0,0,0,84.85,118.25,773.63,6.11,155.43,4,108,0,0,0,0,0,0,0,0,0
Mark Andrews,Baltimore Ravens,TE,0.0/0.0,0,0,0,0,0,0,62.19,88.59,710.52,7.36,145.97,5,118,0,0,0,0,0,0,0,0,0
David Njoku,Cleveland Browns,TE,0.0/0.0,0,0,0,0,0,0,78.24,118.25,816.12,4.36,145.95,6,119,0,0,0,0,0,0,0,0,0
Sam LaPorta,Detroit Lions,TE,0.0/0.0,0,0,0,0,0,0,63.73,93.92,732.55,6.54,144.36,7,122,0,0,0,0,0,0,0,0,0
T.J. Hockenson,Minnesota Vikings,TE,0.0/0.0,0,0,0,0,0,0,71.41,108.02,704.98,5.24,137.26,8,128,0,0,0,0,0,0,0,0,0
Kyle Pitts,Atlanta Falcons,TE,0.0/0.0,0,0,0,0,0,0,59.4,101.04,703.2,4.96,130.12,9,132,0,0,0,0,0,0,0,0,0
Jake Ferguson,Dallas Cowboys,TE,0.0/0.0,0,0,0,0,0,0,70.56,105.24,604.72,3.6,115.97,10,139,0,0,0,0,0,0,0,0,0
Tyler Warren,Indianapolis Colts,TE,0.0/0.0,0,0,0,0,0,0,66.09,96.38,602.29,3.72,115.25,11,140,0,0,0,0,0,0,0,0,0
Dalton Kincaid,Buffalo Bills,TE,0.0/0.0,0,0,0,0,0,0,57.76,85.79,599.98,4.19,113.68,12,142,0,0,0,0,0,0,0,0,0
Evan Engram,Denver Broncos,TE,0.0/0.0,0,0,0,0,0,0,62,86.24,539.2,3.96,107.66,13,144,0,0,0,0,0,0,0,0,0
Cade Otton,Tampa Bay Buccaneers,TE,0.0/0.0,0,0,0,0,0,0,54.97,79.07,523.72,4.06,103.46,14,152,0,0,0,0,0,0,0,0,0
Zach Ertz,Washington Commanders,TE,0.0/0.0,0,0,0,0,0,0,55.11,79.72,488.05,4.32,102.28,15,153,0,0,0,0,0,0,0,0,0
Chigoziem Okonkwo,Tennessee Titans,TE,0.0/0.0,0,0,0,0,0,0,56.45,78.64,555.81,2.89,100.79,16,155,0,0,0,0,0,0,0,0,0
Tucker Kraft,Green Bay Packers,TE,0.0/0.0,0,0,0,0,0,0,44.66,65.88,538.03,3.82,98.77,17,156,0,0,0,0,0,0,0,0,0
Isaiah Likely,Baltimore Ravens,TE,0.0/0.0,0,0,0,0,0,0,45.05,65.14,490.16,4.35,97.52,18,161,0,0,0,0,0,0,0,0,0
Mike Gesicki,Cincinnati Bengals,TE,0.0/0.0,0,0,0,0,0,0,52.55,78.21,479.7,3.59,95.78,19,166,0,0,0,0,0,0,0,0,0
Brenton Strange,Jacksonville Jaguars,TE,0.0/0.0,0,0,0,0,0,0,52.29,77.74,505.75,2.89,93.72,20,170,0,0,0,0,0,0,0,0,0
Dallas Goedert,Philadelphia Eagles,TE,0.0/0.0,0,0,0,0,0,0,46.67,64.98,501.56,2.96,90.45,21,177,0,0,0,0,0,0,0,0,0
Dalton Schultz,Houston Texans,TE,0.0/0.0,0,0,0,0,0,0,45.36,69.74,444.51,3.15,85.97,22,184,0,0,0,0,0,0,0,0,0
Tyler Conklin,Los Angeles Chargers,TE,0.0/0.0,0,0,0,0,0,0,45.04,68.04,430.49,3.25,84.73,23,191,0,0,0,0,0,0,0,0,0
Hunter Henry,New England Patriots,TE,0.0/0.0,0,0,0,0,0,0,42.22,64.03,438.91,2.89,82.16,24,195,0,0,0,0,0,0,0,0,0
Will Dissly,Los Angeles Chargers,TE,0.0/0.0,0,0,0,0,0,0,41,56.71,416.37,3.16,80.76,25,196,0,0,0,0,0,0,0,0,0
Theo Johnson,New York Giants,TE,0.0/0.0,0,0,0,0,0,0,43.06,65.47,461.43,2.11,80.23,26,197,0,0,0,0,0,0,0,0,0
Jonnu Smith,Pittsburgh Steelers,TE,0.0/0.0,0,0,0,0,0,0,42.36,62.89,410.91,3.04,79.63,27,198,0,0,0,0,0,0,0,0,0
Pat Freiermuth,Pittsburgh Steelers,TE,0.0/0.0,0,0,0,0,0,0,42.8,62.89,412.85,2.86,78.97,28,199,0,0,0,0,0,0,0,0,0
Darren Waller,Miami Dolphins,TE,0.0/0.0,0,0,0,0,0,0,39.69,58.34,404.52,2.33,73.94,29,204,0,0,0,0,0,0,0,0,0
Mason Taylor,New York Jets,TE,0.0/0.0,0,0,0,0,0,0,41.92,60.98,376.5,2.59,73.49,30,206,0,0,0,0,0,0,0,0,0
Tyler Higbee,Los Angeles Rams,TE,0.0/0.0,0,0,0,0,0,0,41.64,61.16,386.14,2.33,73.07,31,211,0,0,0,0,0,0,0,0,0
AJ Barner,Seattle Seahawks,TE,0.0/0.0,0,0,0,0,0,0,38.08,56.84,375.08,2.63,71.99,32,212,0,0,0,0,0,0,0,0,0
Cole Kmet,Chicago Bears,TE,0.0/0.0,0,0,0,0,0,0,39.06,56.31,371.25,2.24,69.76,33,220,0,0,0,0,0,0,0,0,0
Colston Loveland,Chicago Bears,TE,0.0/0.0,0,0,0,0,0,0,38.09,56.31,370.61,2.17,68.79,34,224,0,0,0,0,0,0,0,0,0
Juwan Johnson,New Orleans Saints,TE,0.0/0.0,0,0,0,0,0,0,33.75,53.89,336.37,2.6,65.77,35,227,0,0,0,0,0,0,0,0,0
Dawson Knox,Buffalo Bills,TE,0.0/0.0,0,0,0,0,0,0,27.7,44.28,308.59,2.64,60.21,36,233,0,0,0,0,0,0,0,0,0
Ja'Tavion Sanders,Carolina Panthers,TE,0.0/0.0,0,0,0,0,0,0,29.44,43.29,281.66,1.2,49.75,37,253,0,0,0,0,0,0,0,0,0
Austin Hooper,New England Patriots,TE,0.0/0.0,0,0,0,0,0,0,24.91,37.34,262.71,1.43,46.97,38,257,0,0,0,0,0,0,0,0,0
Charlie Woerner,Atlanta Falcons,TE,0.0/0.0,0,0,0,0,0,0,24.32,35.49,230.92,1.67,44.93,39,263,0,0,0,0,0,0,0,0,0
Michael Mayer,Las Vegas Raiders,TE,0.0/0.0,0,0,0,0,0,0,23.93,33.84,227.19,1.24,41.78,40,266,0,0,0,0,0,0,0,0,0
Noah Gray,Kansas City Chiefs,TE,0.0/0.0,0,0,0,0,0,0,20.78,28.92,227.79,1.41,41.55,41,267,0,0,0,0,0,0,0,0,0
Jeremy Ruckert,New York Jets,TE,0.0/0.0,0,0,0,0,0,0,22.5,33.03,189.35,1.34,37.88,42,273,0,0,0,0,0,0,0,0,0
Ben Sinnott,Washington Commanders,TE,0.0/0.0,0,0,0,0,0,0,20.05,27.47,183.25,1.44,36.65,43,274,0,0,0,0,0,0,0,0,0
Payne Durham,Tampa Bay Buccaneers,TE,0.0/0.0,0,0,0,0,0,0,19.77,27.2,183.43,1.44,36.53,44,275,0,0,0,0,0,0,0,0,0
Pharaoh Brown,Miami Dolphins,TE,0.0/0.0,0,0,0,0,0,0,20.95,29.16,187.25,1.21,36.12,45,276,0,0,0,0,0,0,0,0,0
Daniel Bellinger,New York Giants,TE,0.0/0.0,0,0,0,0,0,0,20.62,30.01,202.01,0.99,36.11,46,277,0,0,0,0,0,0,0,0,0
Adam Trautman,Denver Broncos,TE,0.0/0.0,0,0,0,0,0,0,17.65,25.88,187.17,1.42,35.72,47,278,0,0,0,0,0,0,0,0,0
Luke Musgrave,Green Bay Packers,TE,0.0/0.0,0,0,0,0,0,0,14.91,21.96,144.84,1.19,29.08,48,288,0,0,0,0,0,0,0,0,0
Foster Moreau,New Orleans Saints,TE,0.0/0.0,0,0,0,0,0,0,14.13,21.57,157.29,1.06,28.81,49,290,0,0,0,0,0,0,0,0,0
Cade Stover,Houston Texans,TE,0.0/0.0,0,0,0,0,0,0,16.07,23.24,147.08,1,28.4,50,291,0,0,0,0,0,0,0,0,0
Luke Schoonmaker,Dallas Cowboys,TE,0.0/0.0,0,0,0,0,0,0,16.23,24.07,139.79,0.86,26.91,51,295,0,0,0,0,0,0,0,0,0
Grant Calcaterra,Philadelphia Eagles,TE,0.0/0.0,0,0,0,0,0,0,14.12,19.99,145.83,0.88,26.58,52,296,0,0,0,0,0,0,0,0,0
Kenny Yeboah,Detroit Lions,TE,0.0/0.0,0,0,0,0,0,0,11.95,17.61,120.89,1,24.06,53,302,0,0,0,0,0,0,0,0,0
Josh Oliver,Minnesota Vikings,TE,0.0/0.0,0,0,0,0,0,0,12.6,18.94,114.67,1,23.43,54,304,0,0,0,0,0,0,0,0,0
Tommy Tremble,Carolina Panthers,TE,0.0/0.0,0,0,0,0,0,0,14.09,21.65,128.21,0.62,23.25,55,306,0,0,0,0,0,0,0,0,0
Blake Whiteheart,Cleveland Browns,TE,0.0/0.0,0,0,0,0,0,0,12.35,17.73,129.49,0.63,22.9,56,307,0,0,0,0,0,0,0,0,0
Drew Sample,Cincinnati Bengals,TE,0.0/0.0,0,0,0,0,0,0,9.54,13.05,72.07,0.6,15.58,57,320,0,0,0,0,0,0,0,0,0
Brenden Bates,Cleveland Browns,TE,0.0/0.0,0,0,0,0,0,0,8.23,11.83,86.81,0.4,15.2,58,321,0,0,0,0,0,0,0,0,0
Davis Allen,Los Angeles Rams,TE,0.0/0.0,0,0,0,0,0,0,8.26,11.66,76.08,0.45,14.44,59,324,0,0,0,0,0,0,0,0,0
Eric Saubert,Seattle Seahawks,TE,0.0/0.0,0,0,0,0,0,0,7.5,11.36,72.34,0.52,14.1,60,326,0,0,0,0,0,0,0,0,0
Irv Smith Jr.,Houston Texans,TE,0.0/0.0,0,0,0,0,0,0,8.03,11.62,67.53,0.53,13.71,61,327,0,0,0,0,0,0,0,0,0
Darnell Washington,Pittsburgh Steelers,TE,0.0/0.0,0,0,0,0,0,0,7.46,10.95,71.05,0.45,13.54,62,328,0,0,0,0,0,0,0,0,0
Ian Thomas,Las Vegas Raiders,TE,0.0/0.0,0,0,0,0,0,0,7.66,11.28,69.88,0.37,13.04,63,332,0,0,0,0,0,0,0,0,0
Kylen Granson,Philadelphia Eagles,TE,0.0/0.0,0,0,0,0,0,0,6.74,10,70.81,0.39,12.79,64,334,0,0,0,0,0,0,0,0,0
Hunter Long,Jacksonville Jaguars,TE,0.0/0.0,0,0,0,0,0,0,5.63,8.32,52.07,0.34,10.06,65,340,0,0,0,0,0,0,0,0,0
Devin Culp,Tampa Bay Buccaneers,TE,0.0/0.0,0,0,0,0,0,0,5.27,7.3,49.9,0.39,9.96,66,341,0,0,0,0,0,0,0,0,0
Connor Heyward,Pittsburgh Steelers,TE,0.0/0.0,0,0,0,0,0,0,5.55,8.2,50.75,0.35,9.95,67,342,0,0,0,0,0,0,0,0,0
Tanner Hudson,Cincinnati Bengals,TE,0.0/0.0,0,0,0,0,0,0,4.64,6.51,42.49,0.34,8.61,68,346,0,0,0,0,0,0,0,0,0
Erick All Jr.,Cincinnati Bengals,TE,0.0/0.0,0,0,0,0,0,0,4.7,6.51,41.76,0.34,8.57,69,347,0,0,0,0,0,0,0,0,0
Cam Grandy,Cincinnati Bengals,TE,0.0/0.0,0,0,0,0,0,0,4.66,6.51,41.97,0.34,8.57,69,347,0,0,0,0,0,0,0,0,0
Tucker Fisk,Los Angeles Chargers,TE,0.0/0.0,0,0,0,0,0,0,3.91,5.7,38.04,0.33,7.74,71,352,0,0,0,0,0,0,0,0,0
Elijah Higgins,Arizona Cardinals,TE,0.0/0.0,0,0,0,0,0,0,4.04,5.65,38.82,0.29,7.64,72,353,0,0,0,0,0,0,0,0,0
Luke Farrell,San Francisco 49ers,TE,0.0/0.0,0,0,0,0,0,0,3.77,5.5,37.58,0.31,7.5,73,354,0,0,0,0,0,0,0,0,0
Durham Smythe,Chicago Bears,TE,0.0/0.0,0,0,0,0,0,0,3.87,5.64,36.53,0.17,6.61,74,357,0,0,0,0,0,0,0,0,0
James Mitchell,Carolina Panthers,TE,0.0/0.0,0,0,0,0,0,0,3.69,5.4,35.19,0.17,6.38,75,359,0,0,0,0,0,0,0,0,0
Mo Alie-Cox,Indianapolis Colts,TE,0.0/0.0,0,0,0,0,0,0,3.48,5.35,34.75,0.18,6.3,76,360,0,0,0,0,0,0,0,0,0
Andrew Ogletree,Indianapolis Colts,TE,0.0/0.0,0,0,0,0,0,0,3.61,5.35,33.32,0.17,6.16,77,361,0,0,0,0,0,0,0,0,0
Brevyn Spann-Ford,Dallas Cowboys,TE,0.0/0.0,0,0,0,0,0,0,2.05,3.01,18.04,0.17,3.85,78,370,0,0,0,0,0,0,0,0,0
Will Mallory,Indianapolis Colts,TE,0.0/0.0,0,0,0,0,0,0,1.82,2.67,16.15,0.17,3.55,79,372,0,0,0,0,0,0,0,0,0
Chris Manhertz,New York Giants,TE,0.0/0.0,0,0,0,0,0,0,0,0,0,0,0,80,374,0,0,0,0,0,0,0,0,0
Robert Tonyan,Kansas City Chiefs,TE,0.0/0.0,0,0,0,0,0,0,0,0,0,0,0,80,374,0,0,0,0,0,0,0,0,0
Johnny Mundt,Jacksonville Jaguars,TE,0.0/0.0,0,0,0,0,0,0,0,0,0,0,0,80,374,0,0,0,0,0,0,0,0,0
Harrison Bryant,Houston Texans,TE,0.0/0.0,0,0,0,0,0,0,0,0,0,0,0,80,374,0,0,0,0,0,0,0,0,0
Albert Okwuegbunam,Las Vegas Raiders,TE,0.0/0.0,0,0,0,0,0,0,0,0,0,0,0,80,374,0,0,0,0,0,0,0,0,0
Colby Parkinson,Los Angeles Rams,TE,0.0/0.0,0,0,0,0,0,0,0,0,0,0,0,80,374,0,0,0,0,0,0,0,0,0
Sean McKeon,Indianapolis Colts,TE,0.0/0.0,0,0,0,0,0,0,0,0,0,0,0,80,374,0,0,0,0,0,0,0,0,0
Jack Stoll,New Orleans Saints,TE,0.0/0.0,0,0,0,0,0,0,0,0,0,0,0,80,374,0,0,0,0,0,0,0,0,0
Feleipe Franks,Atlanta Falcons,TE,0.0/0.0,0,0,0,0,0,0,0,0,0,0,0,80,374,0,0,0,0,0,0,0,0,0
John Bates,Washington Commanders,TE,0.0/0.0,0,0,0,0,0,0,0,0,0,0,0,80,374,0,0,0,0,0,0,0,0,0
Brock Wright,Detroit Lions,TE,0.0/0.0,0,0,0,0,0,0,0,0,0,0,0,80,374,0,0,0,0,0,0,0,0,0
Shane Zylstra,Detroit Lions,TE,0.0/0.0,0,0,0,0,0,0,0,0,0,0,0,80,374,0,0,0,0,0,0,0,0,0
Ko Kieft,Tampa Bay Buccaneers,TE,0.0/0.0,0,0,0,0,0,0,0,0,0,0,0,80,374,0,0,0,0,0,0,0,0,0
Jake Tonges,San Francisco 49ers,TE,0.0/0.0,0,0,0,0,0,0,0,0,0,0,0,80,374,0,0,0,0,0,0,0,0,0
Teagan Quitoriano,Atlanta Falcons,TE,0.0/0.0,0,0,0,0,0,0,0,0,0,0,0,80,374,0,0,0,0,0,0,0,0,0
Stone Smartt,New York Jets,TE,0.0/0.0,0,0,0,0,0,0,0,0,0,0,0,80,374,0,0,0,0,0,0,0,0,0
Julian Hill,Miami Dolphins,TE,0.0/0.0,0,0,0,0,0,0,0,0,0,0,0,80,374,0,0,0,0,0,0,0,0,0
John FitzPatrick,Green Bay Packers,TE,0.0/0.0,0,0,0,0,0,0,0,0,0,0,0,80,374,0,0,0,0,0,0,0,0,0
Nate Adkins,Denver Broncos,TE,0.0/0.0,0,0,0,0,0,0,0,0,0,0,0,80,374,0,0,0,0,0,0,0,0,0
Ben Sims,Green Bay Packers,TE,0.0/0.0,0,0,0,0,0,0,0,0,0,0,0,80,374,0,0,0,0,0,0,0,0,0
Lucas Krull,Denver Broncos,TE,0.0/0.0,0,0,0,0,0,0,0,0,0,0,0,80,374,0,0,0,0,0,0,0,0,0
Jared Wiley,Kansas City Chiefs,TE,0.0/0.0,0,0,0,0,0,0,0,0,0,0,0,80,374,0,0,0,0,0,0,0,0,0
Tip Reiman,Arizona Cardinals,TE,0.0/0.0,0,0,0,0,0,0,0,0,0,0,0,80,374,0,0,0,0,0,0,0,0,0
Justin Shorter,Las Vegas Raiders,TE,0.0/0.0,0,0,0,0,0,0,0,0,0,0,0,80,374,0,0,0,0,0,0,0,0,0
David Martin-Robinson,Tennessee Titans,TE,0.0/0.0,0,0,0,0,0,0,0,0,0,0,0,80,374,0,0,0,0,0,0,0,0,0
Cameron Dicker,Los Angeles Chargers,K,0.0/0.0,0,0,0,0,0,0,0,0,0,0,156.84,1,374,41.62,40.26,36.08,32.74,0.7,7.9,10.25,9.32,4.55
Chase McLaughlin,Tampa Bay Buccaneers,K,0.0/0.0,0,0,0,0,0,0,0,0,0,0,154.94,2,374,50.82,49.49,34.4,30.01,0.18,9.65,8.71,7.52,3.95
Jake Bates,Detroit Lions,K,0.0/0.0,0,0,0,0,0,0,0,0,0,0,152.25,3,374,54.48,53.58,31.21,28.19,0.06,8.14,9.31,7.41,3.3
Jason Sanders,Miami Dolphins,K,0.0/0.0,0,0,0,0,0,0,0,0,0,0,149.66,4,374,43.34,42.01,36.21,31.25,0.3,10.8,9.81,6.93,3.44
Brandon McManus,Green Bay Packers,K,0.0/0.0,0,0,0,0,0,0,0,0,0,0,148.66,5,374,52.09,49.53,32.7,28.29,0.24,8.4,9.02,7,3.63
Spencer Shrader,Indianapolis Colts,K,0.0/0.0,0,0,0,0,0,0,0,0,0,0,147.82,6,374,40.76,39.76,33.59,30.23,0.44,7.95,9.27,8.02,4.6
Chris Boswell,Pittsburgh Steelers,K,0.0/0.0,0,0,0,0,0,0,0,0,0,0,147.49,7,374,39.51,38,33.67,29.84,0.54,5.96,8.39,10.38,4.66
Cairo Santos,Chicago Bears,K,0.0/0.0,0,0,0,0,0,0,0,0,0,0,147.42,8,374,32.88,31.95,35.25,32.62,0.63,8.28,9.93,9.8,3.95
Chad Ryland,Arizona Cardinals,K,0.0/0.0,0,0,0,0,0,0,0,0,0,0,146.12,9,374,49.21,47.89,33.92,28.11,0.12,8.8,8.66,7.01,3.49
Joshua Karty,Los Angeles Rams,K,0.0/0.0,0,0,0,0,0,0,0,0,0,0,144.38,10,374,44.73,42.11,34.98,29.6,0.24,8.89,10.59,6.94,3.07
Brandon Aubrey,Dallas Cowboys,K,0.0/0.0,0,0,0,0,0,0,0,0,0,0,144.31,11,374,31.82,31.4,36.51,31.97,0.26,8.27,10.78,8.42,4.26
Harrison Butker,Kansas City Chiefs,K,0.0/0.0,0,0,0,0,0,0,0,0,0,0,144.3,12,374,42.45,41.9,35.73,29.2,0.26,8.43,8.92,8.48,3.13
Tyler Bass,Buffalo Bills,K,0.0/0.0,0,0,0,0,0,0,0,0,0,0,141.09,13,374,55.03,53.84,31.8,25.43,0.46,9.44,7.08,5.89,2.55
Will Reichard,Minnesota Vikings,K,0.0/0.0,0,0,0,0,0,0,0,0,0,0,141.05,14,374,41.55,40.57,35.31,29.41,0.66,8.41,10.74,6.9,2.69
Cam Little,Jacksonville Jaguars,K,0.0/0.0,0,0,0,0,0,0,0,0,0,0,139.14,15,374,34.82,34.31,35.2,29.9,0.46,7.04,10.78,7.86,3.71
Daniel Carlson,Las Vegas Raiders,K,0.0/0.0,0,0,0,0,0,0,0,0,0,0,138.72,16,374,35.36,33.7,36.58,29.88,0.57,7.81,9.89,7.94,3.69
Ka'imi Fairbairn,Houston Texans,K,0.0/0.0,0,0,0,0,0,0,0,0,0,0,138.57,17,374,33.53,33.17,34.65,30.03,0.48,9.35,8.78,7.38,4.01
Jason Myers,Seattle Seahawks,K,0.0/0.0,0,0,0,0,0,0,0,0,0,0,137.6,18,374,31.9,30.95,35.66,30.59,0.42,8.37,10.12,8.58,3.12
Jake Elliott,Philadelphia Eagles,K,0.0/0.0,0,0,0,0,0,0,0,0,0,0,137.43,19,374,47.58,46.76,31.83,26.96,0.26,8.22,9.43,7.96,1.02
Nick Folk,New York Jets,K,0.0/0.0,0,0,0,0,0,0,0,0,0,0,135.38,20,374,33.19,32.13,31.73,28.64,0.16,7.08,8.57,8.48,4.38
Blake Grupe,New Orleans Saints,K,0.0/0.0,0,0,0,0,0,0,0,0,0,0,135.08,21,374,36.43,36.17,35.53,28.6,0.14,9.21,8.81,7.72,2.71
Younghoe Koo,Atlanta Falcons,K,0.0/0.0,0,0,0,0,0,0,0,0,0,0,134.24,22,374,46.48,44.92,33.22,25.76,0.12,9.43,6.75,7.03,2.46
Wil Lutz,Denver Broncos,K,0.0/0.0,0,0,0,0,0,0,0,0,0,0,133.45,23,374,38.39,38.04,33.37,27.87,0.28,9.82,8.5,6.44,2.77
Matt Gay,Washington Commanders,K,0.0/0.0,0,0,0,0,0,0,0,0,0,0,133.12,24,374,49.37,47.53,32.48,25.25,0.38,7.8,8.7,6.9,1.47
Evan McPherson,Cincinnati Bengals,K,0.0/0.0,0,0,0,0,0,0,0,0,0,0,131.92,25,374,40.4,37.96,33.25,27.05,0.02,6.78,9.51,8.57,2.15
Tyler Loop,Baltimore Ravens,K,0.0/0.0,0,0,0,0,0,0,0,0,0,0,130.29,26,374,53.31,52.63,27.77,23.22,0.44,8.08,8.5,4.3,1.88
Jake Moody,San Francisco 49ers,K,0.0/0.0,0,0,0,0,0,0,0,0,0,0,129.48,27,374,54.73,53.25,31.04,22.32,0.32,8.97,5.54,5.81,1.7
Matthew Wright,Carolina Panthers,K,0.0/0.0,0,0,0,0,0,0,0,0,0,0,129.02,28,374,32.07,31.46,31.33,26.91,0.08,5.52,8.24,9.16,3.88
Harrison Mevis,New York Jets,K,0.0/0.0,0,0,0,0,0,0,0,0,0,0,125.39,29,374,37.17,36.16,30.34,25.97,0.72,7.58,8.15,7.97,1.6
Joey Slye,Tennessee Titans,K,0.0/0.0,0,0,0,0,0,0,0,0,0,0,124,30,374,34.42,33.32,33.59,26.22,0.21,8.71,7.52,7.69,2.12
John Parker Romo,New England Patriots,K,0.0/0.0,0,0,0,0,0,0,0,0,0,0,120.06,31,374,29.05,28.39,30.06,25.97,0.02,6.5,8.44,8.26,2.75
Graham Gano,New York Giants,K,0.0/0.0,0,0,0,0,0,0,0,0,0,0,117.45,32,374,32.82,32.07,30.83,24.62,0.26,7.55,7.72,6.66,2.43
Dustin Hopkins,Cleveland Browns,K,0.0/0.0,0,0,0,0,0,0,0,0,0,0,114.97,33,374,29.15,28.15,32.13,24.27,0.26,5.15,7.8,8.56,2.59
,,,0.0/0.0,0,0,0,0,0,0,0,0,0,0,,,,,,,,,,,,